date,work_items,avg_cycle_minutes,manual_effort_hours,error_rate_pct,exception_rate_pct,estimated_cost_units
2026-03-01,822,50.62,40.49,5.468,6.11,2273.8
2026-03-02,595,86.79,52.17,4.155,6.912,1736.08
2026-03-03,888,68.72,48.01,5.651,8.532,2746.12
2026-03-04,799,82.79,32.72,4.321,6.34,2506.63
2026-03-05,714,48.22,41.9,4.134,7.412,1990.29
2026-03-06,625,61.52,44.26,3.738,4.998,2026.11
2026-03-07,709,55.81,43.08,3.568,6.397,1761.09
2026-03-08,582,90.58,43.82,5.237,6.433,1634.06
2026-03-09,573,77.1,37.92,6.076,5.279,1588.75
2026-03-10,677,82.48,38.59,3.824,4.216,1529.64
2026-03-11,675,74.72,36.21,4.554,8.409,2200.97
2026-03-12,823,52.04,55.67,7.474,8.857,2721.9
2026-03-13,673,80.85,30.74,3.037,8.704,1771.3
2026-03-14,412,72.2,34.62,5.283,8.172,1256.42
2026-03-15,722,103.44,55.91,3.936,8.211,2244.86
2026-03-16,802,103.87,44.68,3.905,6.175,2613.9
2026-03-17,623,87.87,51.68,7.495,7.771,1949.84
2026-03-18,835,78.89,56.3,3.845,8.196,2621.19
2026-03-19,818,69.05,47.0,4.63,7.778,2155.4
2026-03-20,549,67.5,30.41,4.622,8.605,1536.71
2026-03-21,492,109.09,48.64,3.549,10.891,1748.64
2026-03-22,688,88.03,60.95,3.317,10.974,2437.3
2026-03-23,640,82.71,57.96,4.059,9.213,1903.32
2026-03-24,815,75.77,40.08,3.911,7.247,2167.45
2026-03-25,782,93.57,34.72,4.415,6.636,2552.2
2026-03-26,600,99.11,38.99,3.314,8.223,1466.1
2026-03-27,757,99.39,34.35,5.343,7.095,1803.6
2026-03-28,759,77.62,37.87,5.071,8.588,1828.76
2026-03-29,770,91.68,49.4,3.776,8.104,2342.74
2026-03-30,889,79.09,46.88,4.55,6.083,2345.47
2026-03-31,562,87.98,48.53,4.018,3.521,1645.64
2026-04-01,757,76.39,41.15,4.317,6.022,2499.2
2026-04-02,808,86.57,35.47,5.411,7.206,1854.64
2026-04-03,860,83.63,33.17,6.412,6.971,2474.9
2026-04-04,596,52.84,51.03,2.913,7.072,2223.05
2026-04-05,686,87.02,47.88,5.056,5.032,1615.62
2026-04-06,778,78.07,47.59,4.566,6.435,1774.08
2026-04-07,599,76.62,51.94,3.931,8.4,2135.98
2026-04-08,582,74.75,39.64,5.26,9.198,2011.41
2026-04-09,706,91.51,52.0,5.983,3.42,1933.9
2026-04-10,865,86.87,51.2,4.483,6.877,3023.04
2026-04-11,650,85.06,33.45,3.981,6.325,1919.99
2026-04-12,601,89.14,41.22,2.822,7.178,1883.09
2026-04-13,529,99.36,42.91,6.508,9.403,1850.17
2026-04-14,864,93.74,48.07,5.282,5.407,2126.95
2026-04-15,496,84.64,45.74,5.715,7.951,1362.95
2026-04-16,758,99.31,45.82,5.499,7.503,2150.78
2026-04-17,853,107.99,44.37,5.1,9.028,2095.72
2026-04-18,539,74.27,23.79,4.914,7.337,1757.02
2026-04-19,701,73.46,42.35,4.839,7.309,2057.97
2026-04-20,643,81.32,42.65,5.256,7.36,2041.02
2026-04-21,671,66.51,41.54,4.128,8.424,2038.21
2026-04-22,857,70.37,30.71,4.49,7.248,1867.57
2026-04-23,781,82.78,48.69,7.373,10.971,1861.9
2026-04-24,608,72.18,41.8,4.905,6.302,1624.54
2026-04-25,679,64.87,57.64,5.464,6.239,1955.44
2026-04-26,636,82.4,47.66,6.507,6.715,2306.25
2026-04-27,669,80.8,37.43,4.256,9.711,2133.73
2026-04-28,666,90.11,51.81,3.872,8.463,2330.95
2026-04-29,740,87.53,42.99,4.191,5.335,2182.86
2026-04-30,922,82.69,57.8,5.221,5.288,2166.91
2026-05-01,872,81.77,33.23,4.695,5.528,2005.36
2026-05-02,855,94.05,44.66,4.881,9.942,2733.65
2026-05-03,504,76.32,37.39,5.076,7.548,1263.54
2026-05-04,529,75.38,46.22,5.13,9.448,1563.23
2026-05-05,742,80.82,42.32,4.931,8.455,1809.37
2026-05-06,667,78.97,52.65,2.747,8.875,2403.11
2026-05-07,720,80.84,51.27,5.35,6.379,2442.75
2026-05-08,847,74.88,39.76,3.892,7.707,1997.41
2026-05-09,635,88.31,52.39,4.866,6.722,1880.13
2026-05-10,593,103.31,43.04,5.517,5.146,1860.54
2026-05-11,736,81.36,28.7,5.931,6.963,1565.01
2026-05-12,646,65.95,49.8,3.11,3.935,1614.54
2026-05-13,575,79.64,52.73,4.573,9.317,1749.48
2026-05-14,596,79.29,29.67,6.487,7.37,1311.62
2026-05-15,741,107.18,47.62,5.979,4.69,2064.01
2026-05-16,836,69.58,55.78,4.584,8.793,1950.89
2026-05-17,734,93.97,47.69,4.663,8.165,1840.64
2026-05-18,715,57.42,44.68,3.764,5.023,1648.76
2026-05-19,768,108.32,53.03,5.494,9.659,2448.7
2026-05-20,690,69.93,49.08,4.629,5.75,2309.61
2026-05-21,659,65.27,54.23,4.772,8.244,1749.68
2026-05-22,703,88.79,38.32,4.634,5.932,1949.64
2026-05-23,715,66.45,28.29,3.475,7.197,2088.26
2026-05-24,726,87.29,52.15,4.739,6.652,2376.98
2026-05-25,639,86.93,45.55,5.994,8.142,1655.49
2026-05-26,820,77.51,37.4,5.388,4.85,1702.78
2026-05-27,741,94.81,49.6,4.67,7.421,1717.65
2026-05-28,641,95.58,46.1,5.12,8.075,1715.27
2026-05-29,582,66.1,47.13,3.0,8.501,1921.06
2026-05-30,664,76.61,60.17,5.556,9.245,2365.95
2026-05-31,743,80.53,48.2,6.069,8.475,2122.92
2026-06-01,652,111.18,40.83,6.494,6.808,2027.29
2026-06-02,551,58.91,47.48,2.313,5.544,1703.8
2026-06-03,605,106.04,47.94,5.819,6.867,2254.02
2026-06-04,628,106.26,53.29,5.375,7.812,2205.77
2026-06-05,745,70.43,55.03,5.556,6.318,2735.38
2026-06-06,686,54.51,50.99,5.961,4.521,2076.93
2026-06-07,759,71.5,46.77,5.665,8.557,2339.47
2026-06-08,736,104.27,56.14,4.31,5.278,2618.07
2026-06-09,723,88.28,47.85,4.609,8.116,2294.75
2026-06-10,804,70.13,38.2,4.905,9.034,2447.23
2026-06-11,736,48.69,50.1,5.543,7.339,1920.23
2026-06-12,759,69.61,41.8,4.252,6.345,1822.6
2026-06-13,773,98.21,45.66,5.486,6.554,2567.76
2026-06-14,697,92.84,40.96,3.084,8.551,2068.04
2026-06-15,688,86.17,44.99,4.149,6.937,1858.09
2026-06-16,607,58.54,65.0,4.777,6.723,2293.61
2026-06-17,709,87.04,43.33,5.355,5.097,1940.73
2026-06-18,1000,86.12,47.44,4.724,5.537,3054.82
2026-06-19,691,61.89,49.31,4.013,7.753,2520.89
2026-06-20,736,82.72,57.05,6.659,8.54,1943.85
2026-06-21,735,92.03,52.09,3.958,7.531,1872.72
2026-06-22,495,81.27,56.99,5.836,8.275,1712.46
2026-06-23,717,88.8,53.25,5.173,7.391,1964.97
2026-06-24,670,79.67,52.79,4.492,7.83,1827.6
2026-06-25,769,76.67,51.85,5.834,9.512,2507.23
2026-06-26,588,91.93,47.82,3.098,7.496,1544.38
2026-06-27,836,80.93,42.62,5.814,6.273,2533.64
2026-06-28,673,61.64,52.07,5.556,6.851,1836.97
2026-06-29,556,63.34,35.19,4.32,8.821,1943.23
2026-06-30,776,95.99,46.6,5.083,7.229,2240.1
2026-07-01,803,59.9,41.66,3.158,7.215,1727.43
2026-07-02,799,47.19,43.95,3.899,10.303,1853.09
2026-07-03,640,94.95,41.38,6.123,4.932,1570.94
2026-07-04,846,84.84,38.4,4.807,9.58,1961.41
2026-07-05,682,107.49,50.16,4.94,9.036,1688.0
2026-07-06,846,88.1,49.98,4.372,4.895,2758.97
2026-07-07,489,84.07,51.73,3.559,6.898,1741.83
2026-07-08,873,79.09,37.43,7.221,6.498,2722.5
2026-07-09,666,68.56,65.8,5.428,4.561,2388.04
2026-07-10,702,92.21,45.3,2.96,6.068,1636.66
2026-07-11,722,100.59,54.94,3.039,5.426,2668.82
2026-07-12,796,63.13,47.73,6.383,5.982,1872.29
2026-07-13,797,102.34,62.23,5.275,6.865,2883.16
2026-07-14,773,100.49,48.75,4.489,7.463,2086.07
2026-07-15,856,67.31,35.11,4.364,7.861,2059.93
2026-07-16,747,83.07,39.84,5.095,6.102,1908.34
2026-07-17,609,97.0,50.94,5.993,9.345,1825.54
2026-07-18,724,96.07,41.07,5.978,6.52,2126.91
2026-07-19,906,83.76,69.08,4.498,8.472,2776.44
2026-07-20,616,116.37,39.91,3.866,9.887,1771.48
2026-07-21,912,69.3,54.45,5.537,8.565,2675.18
2026-07-22,777,114.36,30.26,4.581,5.261,2123.22
2026-07-23,619,92.4,50.25,3.707,5.297,1750.99
2026-07-24,525,61.11,47.63,4.511,8.369,1916.12
2026-07-25,645,100.85,45.38,5.031,7.14,2169.67
2026-07-26,764,49.84,59.23,4.94,8.209,2295.67
2026-07-27,791,98.6,41.23,3.792,8.984,2609.41
2026-07-28,738,73.62,47.21,5.619,8.017,1748.2
2026-07-29,723,93.24,32.14,4.72,7.493,1708.25
2026-07-30,775,81.37,53.62,4.953,6.769,2180.51
2026-07-31,583,87.95,43.53,6.103,6.453,1926.16
2026-08-01,734,71.85,48.3,3.584,9.547,1949.23
2026-08-02,704,78.18,55.6,5.221,9.473,2332.06
2026-08-03,717,90.71,36.45,4.149,5.886,1715.28
2026-08-04,618,80.88,49.34,6.29,6.102,2146.39
2026-08-05,752,89.88,51.1,6.617,5.473,2295.25
2026-08-06,582,68.9,55.61,4.686,5.345,1784.42
2026-08-07,964,73.6,55.96,3.09,7.607,3369.75
2026-08-08,904,68.81,43.76,3.57,8.254,2758.73
2026-08-09,523,74.11,46.17,4.903,8.202,1456.84
2026-08-10,661,68.34,52.0,3.941,9.033,1776.41
2026-08-11,545,92.95,35.73,6.201,7.515,1844.86
2026-08-12,728,80.75,40.05,5.791,7.827,1598.05
2026-08-13,776,70.28,44.98,5.177,8.548,2369.59
2026-08-14,805,107.94,44.58,4.985,5.915,2431.01
2026-08-15,593,49.99,54.56,3.25,6.072,1702.81
2026-08-16,829,82.06,56.1,6.277,6.473,2637.91
2026-08-17,673,68.64,47.62,5.465,5.843,1606.05
2026-08-18,889,77.99,41.55,5.507,6.055,2095.72
2026-08-19,633,92.08,40.64,4.406,7.148,1538.67
2026-08-20,693,78.32,40.24,5.388,7.574,1899.96
2026-08-21,680,67.55,29.89,4.03,8.264,1714.44
2026-08-22,638,103.72,45.52,3.456,6.398,2091.12
2026-08-23,677,89.66,44.7,3.646,7.278,2295.86
2026-08-24,785,72.91,59.47,4.348,9.207,2837.66
2026-08-25,845,88.84,41.27,4.576,8.08,1978.34
2026-08-26,736,64.4,49.13,5.111,6.39,1898.38
2026-08-27,685,79.75,48.51,4.844,8.747,1897.38
