beneficiary_id,customer_id,name,country,bank_code,risk_flag
B000001,C000001,gamma,SG,gamma,
B000002,C000002,beta,IN,unknown,UNKNOWN
B000003,C000003,alpha,IN,alpha,UNKNOWN
B000004,C000004,gamma,SG,gamma,UNKNOWN
B000005,C000005,delta,AE,delta,UNKNOWN
B000006,C000006,delta,US,alpha,Y
B000007,C000007,gamma,GB,gamma,N
B000008,C000008,delta,DE,gamma,Y
B000009,C000009,alpha,BR,beta,Y
B000010,C000010,gamma,DE,unknown,UNKNOWN
B000011,C000011,unknown,AE,delta,Y
B000012,C000012,alpha,BR,beta,UNKNOWN
B000013,C000013,delta,SG,beta,N
B000014,C000014,unknown,DE,gamma,Y
B000015,C000015,gamma,IN,unknown,Y
B000016,C000016,alpha,GB,alpha,Y
B000017,C000017,delta,IN,beta,UNKNOWN
B000018,C000018,delta,BR,unknown,Y
B000019,C000019,beta,AE,alpha,UNKNOWN
B000020,C000020,gamma,DE,unknown,N
B000021,C000021,gamma,AE,gamma,Y
B000022,C000022,alpha,IN,gamma,UNKNOWN
B000023,C000023,gamma,IN,gamma,Y
B000024,C000024,gamma,IN,beta,UNKNOWN
B000025,C000025,delta,US,beta,N
B000026,C000026,gamma,DE,unknown,UNKNOWN
B000027,C000027,gamma,AE,unknown,UNKNOWN
B000028,C000028,unknown,IN,unknown,Y
B000029,C000029,delta,US,gamma,N
B000030,C000030,gamma,SG,beta,Y
B000031,C000031,unknown,SG,unknown,N
B000032,C000032,delta,AE,unknown,Y
B000033,C000033,delta,BR,gamma,Y
B000034,C000034,alpha,BR,unknown,N
B000035,C000035,beta,GB,delta,N
B000036,C000036,delta,DE,gamma,Y
B000037,C000037,beta,SG,gamma,UNKNOWN
B000038,C000038,beta,BR,alpha,N
B000039,C000039,beta,BR,gamma,N
B000040,C000040,gamma,IN,delta,N
B000041,C000041,gamma,SG,delta,Y
B000042,C000042,unknown,IN,alpha,UNKNOWN
B000043,C000043,delta,IN,unknown,N
B000044,C000044,delta,BR,alpha,N
B000045,C000045,alpha,BR,alpha,N
B000046,C000046,delta,GB,gamma,N
B000047,C000047,alpha,GB,beta,UNKNOWN
B000048,C000048,unknown,GB,delta,N
B000049,C000049,unknown,GB,unknown,Y
B000050,C000050,unknown,AE,delta,N
B000051,C000051,unknown,DE,alpha,Y
B000052,C000052,beta,IN,unknown,N
B000053,C000053,alpha,US,unknown,N
B000054,C000054,gamma,GB,delta,Y
B000055,C000055,gamma,DE,gamma,UNKNOWN
B000056,C000056,beta,US,gamma,UNKNOWN
B000057,C000057,beta,IN,unknown,N
B000058,C000058,delta,SG,alpha,UNKNOWN
B000059,C000059,unknown,GB,beta,UNKNOWN
B000060,C000060,gamma,US,beta,N
B000061,C000061,unknown,AE,delta,Y
B000062,C000062,unknown,AE,gamma,Y
B000063,C000063,beta,AE,unknown,N
B000064,C000064,alpha,BR,beta,Y
B000065,C000065,alpha,BR,delta,Y
B000066,C000066,delta,IN,beta,N
B000067,C000067,unknown,GB,delta,Y
B000068,C000068,delta,AE,beta,UNKNOWN
B000069,C000069,alpha,SG,unknown,UNKNOWN
B000070,C000070,alpha,US,gamma,Y
B000071,C000071,alpha,DE,gamma,UNKNOWN
B000072,C000072,delta,GB,alpha,Y
B000073,C000073,unknown,IN,beta,UNKNOWN
B000074,C000074,alpha,DE,delta,N
B000075,C000075,alpha,GB,alpha,N
B000076,C000076,gamma,BR,gamma,N
B000077,C000077,beta,BR,gamma,N
B000078,C000078,gamma,BR,alpha,UNKNOWN
B000079,C000079,beta,US,beta,Y
B000080,C000080,unknown,US,gamma,UNKNOWN
B000081,C000081,delta,GB,unknown,N
B000082,C000082,delta,GB,delta,UNKNOWN
B000083,C000083,delta,BR,unknown,N
B000084,C000084,beta,GB,beta,N
B000085,C000085,alpha,DE,unknown,UNKNOWN
B000086,C000086,delta,GB,alpha,Y
B000087,C000087,delta,US,delta,UNKNOWN
B000088,C000088,delta,AE,unknown,UNKNOWN
B000089,C000089,beta,US,unknown,Y
B000090,C000090,alpha,BR,beta,Y
B000091,C000091,unknown,BR,gamma,Y
B000092,C000092,beta,GB,gamma,UNKNOWN
B000093,C000093,gamma,BR,alpha,UNKNOWN
B000094,C000094,alpha,IN,delta,N
B000095,C000095,alpha,AE,beta,Y
B000096,C000096,alpha,US,gamma,N
B000097,C000097,alpha,BR,gamma,Y
B000098,C000098,gamma,SG,alpha,Y
B000099,C000099,beta,SG,unknown,Y
B000100,C000100,delta,AE,alpha,Y
B000101,C000101,delta,IN,gamma,Y
B000102,C000102,delta,GB,unknown,UNKNOWN
B000103,C000103,alpha,GB,unknown,UNKNOWN
B000104,C000104,delta,BR,beta,Y
B000105,C000105,beta,DE,delta,UNKNOWN
B000106,C000106,gamma,US,gamma,N
B000107,C000107,delta,US,delta,Y
B000108,C000108,beta,BR,beta,UNKNOWN
B000109,C000109,alpha,BR,delta,UNKNOWN
B000110,C000110,gamma,US,beta,Y
B000111,C000111,unknown,AE,unknown,Y
B000112,C000112,alpha,AE,unknown,N
B000113,C000113,beta,BR,delta,N
B000114,C000114,gamma,SG,gamma,Y
B000115,C000115,unknown,AE,beta,UNKNOWN
B000116,C000116,gamma,AE,unknown,Y
B000117,C000117,beta,SG,beta,N
B000118,C000118,unknown,US,alpha,Y
B000119,C000119,beta,IN,delta,Y
B000120,C000120,beta,DE,alpha,N
B000121,C000121,unknown,DE,beta,UNKNOWN
B000122,C000122,beta,BR,gamma,UNKNOWN
B000123,C000123,gamma,US,unknown,Y
B000124,C000124,unknown,US,gamma,N
B000125,C000125,gamma,IN,delta,Y
B000126,C000126,unknown,GB,unknown,Y
B000127,C000127,unknown,AE,unknown,N
B000128,C000128,alpha,BR,gamma,UNKNOWN
B000129,C000129,alpha,DE,delta,N
B000130,C000130,delta,BR,delta,Y
B000131,C000131,gamma,IN,gamma,UNKNOWN
B000132,C000132,delta,BR,beta,N
B000133,C000133,alpha,IN,delta,N
B000134,C000134,beta,SG,delta,UNKNOWN
B000135,C000135,gamma,DE,gamma,Y
B000136,C000136,beta,GB,delta,UNKNOWN
B000137,C000137,unknown,DE,beta,Y
B000138,C000138,gamma,US,gamma,N
B000139,C000139,unknown,GB,delta,UNKNOWN
B000140,C000140,beta,SG,alpha,UNKNOWN
B000141,C000141,beta,US,unknown,UNKNOWN
B000142,C000142,delta,GB,alpha,Y
B000143,C000143,beta,GB,delta,Y
B000144,C000144,alpha,US,alpha,UNKNOWN
B000145,C000145,delta,BR,unknown,Y
B000146,C000146,beta,GB,beta,N
B000147,C000147,delta,BR,gamma,UNKNOWN
B000148,C000148,delta,DE,beta,N
B000149,C000149,alpha,BR,beta,Y
B000150,C000150,alpha,US,delta,Y
B000151,C000151,beta,US,beta,UNKNOWN
B000152,C000152,gamma,BR,unknown,UNKNOWN
B000153,C000153,alpha,GB,unknown,UNKNOWN
B000154,C000154,delta,US,gamma,N
B000155,C000155,beta,DE,beta,N
B000156,C000156,beta,US,delta,N
B000157,C000157,alpha,SG,delta,UNKNOWN
B000158,C000158,delta,AE,alpha,N
B000159,C000159,alpha,GB,alpha,N
B000160,C000160,alpha,GB,delta,UNKNOWN
B000161,C000161,unknown,BR,alpha,Y
B000162,C000162,alpha,US,beta,UNKNOWN
B000163,C000163,gamma,GB,unknown,N
B000164,C000164,gamma,US,alpha,N
B000165,C000165,gamma,BR,alpha,N
B000166,C000166,alpha,US,alpha,N
B000167,C000167,beta,US,gamma,N
B000168,C000168,beta,GB,delta,Y
B000169,C000169,unknown,IN,alpha,Y
B000170,C000170,beta,GB,delta,UNKNOWN
B000171,C000171,delta,GB,beta,N
B000172,C000172,unknown,US,unknown,Y
B000173,C000173,beta,DE,beta,Y
B000174,C000174,beta,SG,alpha,
B000175,C000175,unknown,IN,beta,N
B000176,C000176,beta,DE,alpha,Y
B000177,C000177,beta,IN,alpha,UNKNOWN
B000178,C000178,alpha,BR,beta,UNKNOWN
B000179,C000179,beta,US,beta,Y
B000180,C000180,delta,BR,unknown,Y
B000181,C000181,unknown,BR,unknown,UNKNOWN
B000182,C000182,beta,AE,delta,N
B000183,C000183,unknown,IN,gamma,Y
B000184,C000184,alpha,AE,unknown,Y
B000185,C000185,gamma,SG,beta,UNKNOWN
B000186,C000186,delta,US,delta,N
B000187,C000187,alpha,SG,alpha,N
B000188,C000188,delta,AE,unknown,UNKNOWN
B000189,C000189,delta,AE,alpha,N
B000190,C000190,gamma,SG,delta,N
B000191,C000191,delta,GB,beta,Y
B000192,C000192,beta,GB,delta,Y
B000193,C000193,beta,AE,alpha,Y
B000194,C000194,beta,US,delta,Y
B000195,C000195,gamma,DE,beta,UNKNOWN
B000196,C000196,beta,US,alpha,Y
B000197,C000197,gamma,IN,beta,N
B000198,C000198,beta,IN,gamma,Y
B000199,C000199,alpha,GB,delta,UNKNOWN
B000200,C000200,delta,US,beta,UNKNOWN
B000201,C000201,gamma,GB,delta,N
B000202,C000202,gamma,US,alpha,N
B000203,C000203,delta,BR,alpha,UNKNOWN
B000204,C000204,beta,IN,delta,Y
B000205,C000205,beta,IN,unknown,UNKNOWN
B000206,C000206,unknown,IN,gamma,N
B000207,C000207,unknown,US,gamma,UNKNOWN
B000208,C000208,gamma,AE,unknown,N
B000209,C000209,delta,SG,gamma,N
B000210,C000210,unknown,BR,delta,N
B000211,C000211,unknown,DE,alpha,UNKNOWN
B000212,C000212,gamma,BR,alpha,N
B000213,C000213,beta,US,alpha,UNKNOWN
B000214,C000214,beta,BR,beta,Y
B000215,C000215,beta,AE,delta,UNKNOWN
B000216,C000216,gamma,SG,unknown,UNKNOWN
B000217,C000217,alpha,AE,unknown,N
B000218,C000218,gamma,SG,gamma,N
B000219,C000219,alpha,IN,beta,UNKNOWN
B000220,C000220,delta,SG,beta,Y
B000221,C000221,delta,AE,gamma,N
B000222,C000222,beta,AE,alpha,UNKNOWN
B000223,C000223,unknown,IN,unknown,Y
B000224,C000224,beta,GB,beta,Y
B000225,C000225,beta,GB,alpha,Y
B000226,C000226,gamma,BR,delta,Y
B000227,C000227,gamma,BR,beta,UNKNOWN
B000228,C000228,beta,AE,delta,UNKNOWN
B000229,C000229,gamma,AE,gamma,UNKNOWN
B000230,C000230,alpha,US,delta,Y
B000231,C000231,beta,BR,alpha,UNKNOWN
B000232,C000232,gamma,BR,unknown,Y
B000233,C000233,beta,GB,alpha,N
B000234,C000234,alpha,IN,alpha,UNKNOWN
B000235,C000235,delta,SG,delta,UNKNOWN
B000236,C000236,alpha,US,gamma,UNKNOWN
B000237,C000237,unknown,AE,unknown,Y
B000238,C000238,beta,DE,alpha,Y
B000239,C000239,delta,US,delta,Y
B000240,C000240,unknown,SG,delta,Y
B000241,C000241,alpha,IN,unknown,N
B000242,C000242,gamma,SG,unknown,UNKNOWN
B000243,C000243,beta,IN,alpha,UNKNOWN
B000244,C000244,alpha,BR,gamma,N
B000245,C000245,unknown,AE,beta,UNKNOWN
B000246,C000246,beta,US,gamma,Y
B000247,C000247,unknown,GB,gamma,Y
B000248,C000248,unknown,US,alpha,UNKNOWN
B000249,C000249,delta,US,delta,N
B000250,C000250,gamma,DE,alpha,Y
B000251,C000251,delta,GB,unknown,Y
B000252,C000252,gamma,SG,unknown,UNKNOWN
B000253,C000253,unknown,AE,unknown,UNKNOWN
B000254,C000254,beta,US,gamma,UNKNOWN
B000255,C000255,gamma,DE,alpha,N
B000256,C000256,gamma,GB,gamma,UNKNOWN
B000257,C000257,beta,US,beta,N
B000258,C000258,beta,IN,beta,Y
B000259,C000259,gamma,GB,alpha,UNKNOWN
B000260,C000260,alpha,AE,beta,Y
B000261,C000261,alpha,AE,beta,Y
B000262,C000262,gamma,AE,beta,UNKNOWN
B000263,C000263,gamma,US,gamma,UNKNOWN
B000264,C000264,alpha,SG,delta,Y
B000265,C000265,alpha,SG,beta,UNKNOWN
B000266,C000266,alpha,US,gamma,N
B000267,C000267,gamma,BR,delta,Y
B000268,C000268,unknown,IN,gamma,Y
B000269,C000269,alpha,IN,unknown,N
B000270,C000270,beta,US,alpha,UNKNOWN
B000271,C000271,gamma,AE,alpha,Y
B000272,C000272,unknown,US,gamma,Y
B000273,C000273,beta,IN,beta,N
B000274,C000274,alpha,GB,unknown,N
B000275,C000275,beta,SG,delta,UNKNOWN
B000276,C000276,unknown,AE,beta,UNKNOWN
B000277,C000277,alpha,GB,unknown,N
B000278,C000278,unknown,BR,unknown,Y
B000279,C000279,unknown,US,beta,N
B000280,C000280,gamma,IN,beta,Y
B000281,C000281,alpha,SG,delta,Y
B000282,C000282,alpha,SG,unknown,N
B000283,C000283,beta,DE,gamma,N
B000284,C000284,unknown,AE,beta,N
B000285,C000285,gamma,US,unknown,Y
B000286,C000286,alpha,IN,beta,UNKNOWN
B000287,C000287,delta,DE,gamma,Y
B000288,C000288,delta,IN,delta,N
B000289,C000289,unknown,DE,delta,N
B000290,C000290,alpha,IN,delta,UNKNOWN
B000291,C000291,alpha,BR,alpha,Y
B000292,C000292,alpha,AE,delta,Y
B000293,C000293,unknown,SG,alpha,UNKNOWN
B000294,C000294,beta,SG,delta,N
B000295,C000295,gamma,US,delta,Y
B000296,C000296,gamma,DE,unknown,Y
B000297,C000297,beta,IN,beta,N
B000298,C000298,beta,DE,alpha,UNKNOWN
B000299,C000299,gamma,US,gamma,N
B000300,C000300,unknown,SG,alpha,N
B000301,C000301,beta,DE,alpha,Y
B000302,C000302,unknown,SG,delta,Y
B000303,C000303,beta,AE,beta,N
B000304,C000304,alpha,BR,alpha,UNKNOWN
B000305,C000305,delta,AE,unknown,Y
B000306,C000306,beta,GB,delta,Y
B000307,C000307,delta,GB,alpha,Y
B000308,C000308,unknown,IN,beta,Y
B000309,C000309,beta,BR,unknown,UNKNOWN
B000310,C000310,gamma,DE,alpha,UNKNOWN
B000311,C000311,beta,AE,delta,Y
B000312,C000312,alpha,GB,alpha,Y
B000313,C000313,beta,SG,unknown,Y
B000314,C000314,beta,AE,unknown,UNKNOWN
B000315,C000315,unknown,AE,gamma,N
B000316,C000316,delta,BR,alpha,N
B000317,C000317,delta,SG,unknown,N
B000318,C000318,alpha,US,beta,Y
B000319,C000319,delta,DE,alpha,Y
B000320,C000320,beta,SG,delta,UNKNOWN
B000321,C000321,alpha,AE,beta,N
B000322,C000322,unknown,DE,alpha,N
B000323,C000323,gamma,IN,delta,UNKNOWN
B000324,C000324,gamma,DE,unknown,Y
B000325,C000325,gamma,IN,gamma,UNKNOWN
B000326,C000326,beta,IN,gamma,UNKNOWN
B000327,C000327,unknown,DE,unknown,UNKNOWN
B000328,C000328,beta,IN,delta,Y
B000329,C000329,gamma,SG,gamma,UNKNOWN
B000330,C000330,unknown,SG,beta,Y
B000331,C000331,delta,IN,unknown,Y
B000332,C000332,unknown,SG,delta,N
B000333,C000333,gamma,US,unknown,N
B000334,C000334,gamma,DE,delta,Y
B000335,C000335,gamma,BR,delta,Y
B000336,C000336,delta,GB,beta,N
B000337,C000337,unknown,IN,alpha,UNKNOWN
B000338,C000338,alpha,DE,delta,Y
B000339,C000339,gamma,AE,beta,Y
B000340,C000340,beta,DE,gamma,N
B000341,C000341,alpha,GB,gamma,N
B000342,C000342,unknown,US,gamma,N
B000343,C000343,beta,AE,unknown,Y
B000344,C000344,unknown,BR,gamma,Y
B000345,C000345,unknown,DE,delta,UNKNOWN
B000346,C000346,unknown,SG,delta,N
B000347,C000347,unknown,DE,gamma,
B000348,C000348,delta,US,delta,UNKNOWN
B000349,C000349,unknown,BR,gamma,N
B000350,C000350,unknown,IN,gamma,Y
B000351,C000351,unknown,US,delta,Y
B000352,C000352,gamma,GB,alpha,UNKNOWN
B000353,C000353,gamma,BR,unknown,UNKNOWN
B000354,C000354,gamma,DE,gamma,UNKNOWN
B000355,C000355,alpha,GB,beta,N
B000356,C000356,unknown,SG,unknown,Y
B000357,C000357,beta,SG,delta,UNKNOWN
B000358,C000358,gamma,SG,delta,Y
B000359,C000359,beta,US,unknown,UNKNOWN
B000360,C000360,alpha,US,beta,UNKNOWN
B000361,C000361,delta,BR,alpha,N
B000362,C000362,beta,DE,beta,UNKNOWN
B000363,C000363,gamma,DE,unknown,Y
B000364,C000364,delta,US,unknown,N
B000365,C000365,beta,US,unknown,Y
B000366,C000366,gamma,GB,alpha,Y
B000367,C000367,delta,DE,unknown,N
B000368,C000368,gamma,US,alpha,UNKNOWN
B000369,C000369,alpha,US,unknown,Y
B000370,C000370,gamma,GB,gamma,N
B000371,C000371,delta,DE,delta,N
B000372,C000372,unknown,DE,unknown,Y
B000373,C000373,unknown,AE,delta,UNKNOWN
B000374,C000374,gamma,BR,beta,Y
B000375,C000375,alpha,IN,delta,Y
B000376,C000376,delta,US,gamma,UNKNOWN
B000377,C000377,beta,IN,delta,N
B000378,C000378,delta,US,beta,UNKNOWN
B000379,C000379,beta,IN,gamma,Y
B000380,C000380,gamma,BR,unknown,UNKNOWN
B000381,C000381,alpha,IN,delta,N
B000382,C000382,beta,US,beta,N
B000383,C000383,delta,IN,alpha,UNKNOWN
B000384,C000384,delta,US,unknown,Y
B000385,C000385,unknown,AE,alpha,Y
B000386,C000386,alpha,GB,delta,Y
B000387,C000387,unknown,DE,alpha,Y
B000388,C000388,gamma,DE,unknown,UNKNOWN
B000389,C000389,unknown,AE,gamma,UNKNOWN
B000390,C000390,beta,BR,gamma,Y
B000391,C000391,beta,IN,beta,Y
B000392,C000392,unknown,US,unknown,Y
B000393,C000393,unknown,DE,unknown,N
B000394,C000394,gamma,DE,delta,N
B000395,C000395,unknown,US,alpha,UNKNOWN
B000396,C000396,alpha,GB,alpha,Y
B000397,C000397,unknown,US,alpha,UNKNOWN
B000398,C000398,alpha,US,alpha,UNKNOWN
B000399,C000399,gamma,IN,gamma,UNKNOWN
B000400,C000400,beta,US,delta,Y
B000401,C000401,gamma,BR,gamma,UNKNOWN
B000402,C000402,delta,US,unknown,Y
B000403,C000403,beta,US,delta,Y
B000404,C000404,gamma,AE,gamma,N
B000405,C000405,gamma,GB,beta,UNKNOWN
B000406,C000406,delta,BR,alpha,Y
B000407,C000407,beta,DE,alpha,Y
B000408,C000408,delta,IN,unknown,N
B000409,C000409,beta,DE,unknown,Y
B000410,C000410,unknown,IN,alpha,N
B000411,C000411,beta,SG,gamma,Y
B000412,C000412,gamma,US,beta,N
B000413,C000413,unknown,BR,gamma,N
B000414,C000414,unknown,SG,delta,Y
B000415,C000415,beta,DE,unknown,UNKNOWN
B000416,C000416,delta,BR,delta,N
B000417,C000417,delta,IN,gamma,Y
B000418,C000418,unknown,AE,beta,N
B000419,C000419,beta,IN,gamma,UNKNOWN
B000420,C000420,beta,SG,alpha,UNKNOWN
B000421,C000421,delta,US,gamma,N
B000422,C000422,alpha,DE,unknown,Y
B000423,C000423,delta,SG,unknown,N
B000424,C000424,beta,GB,gamma,Y
B000425,C000425,alpha,SG,unknown,N
B000426,C000426,gamma,BR,unknown,UNKNOWN
B000427,C000427,gamma,SG,gamma,UNKNOWN
B000428,C000428,beta,DE,unknown,Y
B000429,C000429,alpha,BR,delta,UNKNOWN
B000430,C000430,unknown,US,beta,Y
B000431,C000431,delta,SG,unknown,Y
B000432,C000432,beta,IN,gamma,Y
B000433,C000433,delta,GB,beta,UNKNOWN
B000434,C000434,delta,US,delta,UNKNOWN
B000435,C000435,beta,BR,alpha,UNKNOWN
B000436,C000436,delta,IN,unknown,Y
B000437,C000437,beta,BR,beta,Y
B000438,C000438,gamma,IN,gamma,UNKNOWN
B000439,C000439,delta,GB,gamma,UNKNOWN
B000440,C000440,beta,GB,delta,Y
B000441,C000441,alpha,GB,gamma,N
B000442,C000442,beta,IN,beta,UNKNOWN
B000443,C000443,unknown,AE,delta,Y
B000444,C000444,alpha,SG,gamma,Y
B000445,C000445,unknown,AE,beta,UNKNOWN
B000446,C000446,delta,DE,alpha,N
B000447,C000447,alpha,SG,delta,UNKNOWN
B000448,C000448,alpha,BR,beta,UNKNOWN
B000449,C000449,beta,GB,delta,N
B000450,C000450,beta,GB,alpha,Y
B000451,C000451,unknown,IN,beta,N
B000452,C000452,beta,SG,gamma,UNKNOWN
B000453,C000453,delta,US,beta,Y
B000454,C000454,unknown,IN,unknown,Y
B000455,C000455,delta,SG,delta,Y
B000456,C000456,alpha,IN,beta,Y
B000457,C000457,gamma,DE,unknown,Y
B000458,C000458,alpha,US,delta,Y
B000459,C000459,alpha,BR,alpha,UNKNOWN
B000460,C000460,delta,IN,gamma,N
B000461,C000461,unknown,US,unknown,N
B000462,C000462,alpha,BR,delta,N
B000463,C000463,alpha,GB,alpha,N
B000464,C000464,delta,AE,gamma,UNKNOWN
B000465,C000465,delta,SG,unknown,UNKNOWN
B000466,C000466,delta,US,delta,Y
B000467,C000467,gamma,BR,unknown,Y
B000468,C000468,unknown,AE,beta,Y
B000469,C000469,alpha,DE,unknown,N
B000470,C000470,gamma,IN,beta,N
B000471,C000471,unknown,BR,beta,Y
B000472,C000472,gamma,IN,unknown,Y
B000473,C000473,delta,US,alpha,UNKNOWN
B000474,C000474,alpha,SG,gamma,N
B000475,C000475,unknown,US,gamma,N
B000476,C000476,gamma,US,delta,Y
B000477,C000477,beta,BR,delta,Y
B000478,C000478,delta,US,beta,Y
B000479,C000479,unknown,DE,unknown,UNKNOWN
B000480,C000480,gamma,US,delta,Y
B000481,C000481,delta,BR,delta,Y
B000482,C000482,gamma,AE,beta,N
B000483,C000483,beta,IN,unknown,Y
B000484,C000484,beta,GB,alpha,UNKNOWN
B000485,C000485,delta,SG,unknown,Y
B000486,C000486,alpha,BR,delta,UNKNOWN
B000487,C000487,alpha,DE,unknown,N
B000488,C000488,unknown,DE,alpha,N
B000489,C000489,beta,DE,gamma,N
B000490,C000490,unknown,SG,beta,N
B000491,C000491,beta,BR,gamma,UNKNOWN
B000492,C000492,gamma,SG,unknown,Y
B000493,C000493,delta,IN,alpha,N
B000494,C000494,gamma,IN,gamma,UNKNOWN
B000495,C000495,unknown,BR,unknown,UNKNOWN
B000496,C000496,unknown,AE,alpha,Y
B000497,C000497,alpha,DE,unknown,Y
B000498,C000498,alpha,GB,unknown,UNKNOWN
B000499,C000499,delta,SG,alpha,Y
B000500,C000500,gamma,AE,gamma,Y
B000501,C000501,unknown,GB,delta,Y
B000502,C000502,alpha,SG,delta,Y
B000503,C000503,gamma,AE,delta,Y
B000504,C000504,delta,IN,beta,N
B000505,C000505,gamma,AE,alpha,UNKNOWN
B000506,C000506,unknown,AE,beta,N
B000507,C000507,beta,US,beta,N
B000508,C000508,beta,SG,delta,Y
B000509,C000509,delta,US,beta,N
B000510,C000510,beta,SG,alpha,Y
B000511,C000511,gamma,IN,unknown,UNKNOWN
B000512,C000512,alpha,AE,unknown,UNKNOWN
B000513,C000513,beta,AE,beta,Y
B000514,C000514,delta,GB,delta,N
B000515,C000515,unknown,SG,alpha,Y
B000516,C000516,gamma,GB,gamma,Y
B000517,C000517,alpha,SG,delta,UNKNOWN
B000518,C000518,beta,BR,gamma,Y
B000519,C000519,delta,US,unknown,UNKNOWN
B000520,C000520,delta,AE,delta,
B000521,C000521,beta,AE,unknown,Y
B000522,C000522,alpha,IN,beta,Y
B000523,C000523,unknown,DE,beta,UNKNOWN
B000524,C000524,unknown,GB,gamma,UNKNOWN
B000525,C000525,gamma,US,delta,UNKNOWN
B000526,C000526,alpha,GB,alpha,Y
B000527,C000527,beta,DE,beta,UNKNOWN
B000528,C000528,unknown,GB,delta,N
B000529,C000529,unknown,US,delta,Y
B000530,C000530,gamma,BR,gamma,Y
B000531,C000531,gamma,GB,gamma,N
B000532,C000532,delta,IN,delta,N
B000533,C000533,beta,GB,delta,N
B000534,C000534,gamma,SG,delta,N
B000535,C000535,delta,BR,unknown,Y
B000536,C000536,unknown,IN,beta,N
B000537,C000537,alpha,SG,alpha,UNKNOWN
B000538,C000538,beta,GB,unknown,Y
B000539,C000539,delta,IN,beta,UNKNOWN
B000540,C000540,beta,US,unknown,Y
B000541,C000541,delta,SG,delta,Y
B000542,C000542,gamma,GB,beta,Y
B000543,C000543,alpha,DE,beta,N
B000544,C000544,delta,AE,alpha,Y
B000545,C000545,unknown,SG,delta,UNKNOWN
B000546,C000546,beta,SG,unknown,N
B000547,C000547,gamma,AE,beta,UNKNOWN
B000548,C000548,unknown,AE,unknown,UNKNOWN
B000549,C000549,delta,IN,unknown,Y
B000550,C000550,gamma,SG,beta,N
B000551,C000551,beta,GB,beta,UNKNOWN
B000552,C000552,gamma,IN,alpha,Y
B000553,C000553,alpha,AE,unknown,UNKNOWN
B000554,C000554,gamma,US,gamma,UNKNOWN
B000555,C000555,unknown,US,beta,Y
B000556,C000556,unknown,US,delta,UNKNOWN
B000557,C000557,unknown,AE,delta,N
B000558,C000558,unknown,DE,delta,Y
B000559,C000559,unknown,BR,beta,UNKNOWN
B000560,C000560,gamma,AE,delta,N
B000561,C000561,beta,BR,delta,N
B000562,C000562,delta,IN,alpha,UNKNOWN
B000563,C000563,delta,AE,unknown,Y
B000564,C000564,unknown,AE,alpha,N
B000565,C000565,gamma,US,unknown,N
B000566,C000566,gamma,BR,gamma,UNKNOWN
B000567,C000567,beta,US,unknown,Y
B000568,C000568,alpha,GB,beta,N
B000569,C000569,gamma,AE,delta,Y
B000570,C000570,alpha,BR,alpha,N
B000571,C000571,unknown,US,delta,UNKNOWN
B000572,C000572,alpha,GB,unknown,UNKNOWN
B000573,C000573,alpha,US,gamma,Y
B000574,C000574,unknown,SG,beta,N
B000575,C000575,beta,BR,unknown,N
B000576,C000576,gamma,AE,unknown,Y
B000577,C000577,delta,GB,gamma,Y
B000578,C000578,gamma,US,unknown,Y
B000579,C000579,gamma,IN,beta,Y
B000580,C000580,delta,SG,gamma,N
B000581,C000581,delta,BR,beta,N
B000582,C000582,alpha,DE,alpha,UNKNOWN
B000583,C000583,delta,IN,alpha,UNKNOWN
B000584,C000584,delta,US,alpha,Y
B000585,C000585,delta,GB,delta,N
B000586,C000586,beta,US,alpha,N
B000587,C000587,alpha,BR,gamma,UNKNOWN
B000588,C000588,unknown,SG,gamma,UNKNOWN
B000589,C000589,beta,DE,delta,UNKNOWN
B000590,C000590,delta,GB,delta,N
B000591,C000591,alpha,US,delta,Y
B000592,C000592,alpha,DE,unknown,UNKNOWN
B000593,C000593,beta,AE,alpha,UNKNOWN
B000594,C000594,beta,US,delta,N
B000595,C000595,gamma,GB,beta,Y
B000596,C000596,alpha,AE,unknown,N
B000597,C000597,gamma,US,alpha,N
B000598,C000598,unknown,DE,beta,Y
B000599,C000599,gamma,IN,alpha,Y
B000600,C000600,delta,DE,beta,N
B000601,C000601,alpha,SG,beta,Y
B000602,C000602,unknown,SG,unknown,N
B000603,C000603,beta,SG,unknown,UNKNOWN
B000604,C000604,gamma,IN,alpha,N
B000605,C000605,beta,DE,delta,Y
B000606,C000606,beta,DE,gamma,N
B000607,C000607,delta,AE,delta,N
B000608,C000608,gamma,IN,alpha,UNKNOWN
B000609,C000609,beta,SG,beta,UNKNOWN
B000610,C000610,unknown,BR,delta,UNKNOWN
B000611,C000611,unknown,AE,alpha,Y
B000612,C000612,gamma,SG,unknown,N
B000613,C000613,unknown,AE,gamma,N
B000614,C000614,alpha,GB,gamma,N
B000615,C000615,gamma,BR,delta,N
B000616,C000616,alpha,US,gamma,Y
B000617,C000617,delta,BR,beta,UNKNOWN
B000618,C000618,unknown,SG,alpha,Y
B000619,C000619,gamma,IN,gamma,Y
B000620,C000620,unknown,BR,unknown,UNKNOWN
B000621,C000621,unknown,BR,unknown,N
B000622,C000622,beta,BR,delta,N
B000623,C000623,gamma,IN,beta,Y
B000624,C000624,unknown,GB,alpha,N
B000625,C000625,gamma,SG,gamma,N
B000626,C000626,alpha,DE,alpha,N
B000627,C000627,gamma,BR,beta,UNKNOWN
B000628,C000628,delta,BR,beta,Y
B000629,C000629,alpha,AE,beta,Y
B000630,C000630,gamma,BR,alpha,UNKNOWN
B000631,C000631,gamma,IN,delta,Y
B000632,C000632,unknown,SG,beta,N
B000633,C000633,beta,BR,unknown,UNKNOWN
B000634,C000634,gamma,GB,unknown,N
B000635,C000635,gamma,SG,alpha,N
B000636,C000636,unknown,DE,beta,N
B000637,C000637,beta,US,delta,N
B000638,C000638,delta,BR,unknown,Y
B000639,C000639,gamma,IN,unknown,Y
B000640,C000640,gamma,GB,delta,Y
B000641,C000641,alpha,US,gamma,UNKNOWN
B000642,C000642,delta,BR,beta,Y
B000643,C000643,beta,DE,beta,UNKNOWN
B000644,C000644,unknown,DE,delta,Y
B000645,C000645,gamma,BR,beta,Y
B000646,C000646,unknown,AE,beta,Y
B000647,C000647,beta,IN,gamma,Y
B000648,C000648,unknown,GB,unknown,UNKNOWN
B000649,C000649,gamma,AE,gamma,UNKNOWN
B000650,C000650,delta,IN,delta,Y
B000651,C000651,beta,BR,beta,Y
B000652,C000652,gamma,DE,unknown,Y
B000653,C000653,alpha,AE,beta,Y
B000654,C000654,gamma,IN,delta,Y
B000655,C000655,delta,DE,unknown,Y
B000656,C000656,beta,US,delta,UNKNOWN
B000657,C000657,beta,AE,alpha,N
B000658,C000658,alpha,BR,delta,N
B000659,C000659,delta,SG,unknown,N
B000660,C000660,alpha,AE,gamma,UNKNOWN
B000661,C000661,unknown,IN,beta,UNKNOWN
B000662,C000662,delta,DE,delta,UNKNOWN
B000663,C000663,unknown,IN,delta,UNKNOWN
B000664,C000664,unknown,GB,gamma,N
B000665,C000665,gamma,US,beta,N
B000666,C000666,beta,US,unknown,UNKNOWN
B000667,C000667,delta,US,alpha,UNKNOWN
B000668,C000668,beta,AE,beta,Y
B000669,C000669,unknown,GB,unknown,Y
B000670,C000670,unknown,GB,alpha,N
B000671,C000671,unknown,US,delta,Y
B000672,C000672,delta,US,gamma,Y
B000673,C000673,gamma,US,beta,UNKNOWN
B000674,C000674,gamma,GB,beta,Y
B000675,C000675,alpha,SG,gamma,Y
B000676,C000676,alpha,AE,unknown,UNKNOWN
B000677,C000677,beta,BR,delta,Y
B000678,C000678,delta,AE,alpha,N
B000679,C000679,unknown,BR,delta,N
B000680,C000680,alpha,DE,beta,N
B000681,C000681,beta,BR,delta,Y
B000682,C000682,beta,GB,alpha,N
B000683,C000683,delta,AE,unknown,Y
B000684,C000684,unknown,BR,unknown,N
B000685,C000685,alpha,SG,gamma,N
B000686,C000686,beta,BR,beta,Y
B000687,C000687,delta,US,beta,Y
B000688,C000688,unknown,GB,unknown,N
B000689,C000689,gamma,AE,alpha,N
B000690,C000690,beta,BR,beta,Y
B000691,C000691,unknown,BR,unknown,Y
B000692,C000692,alpha,GB,alpha,UNKNOWN
B000693,C000693,gamma,US,delta,
B000694,C000694,unknown,DE,beta,UNKNOWN
B000695,C000695,unknown,DE,beta,N
B000696,C000696,alpha,US,unknown,UNKNOWN
B000697,C000697,delta,SG,gamma,UNKNOWN
B000698,C000698,delta,SG,alpha,UNKNOWN
B000699,C000699,delta,DE,delta,UNKNOWN
B000700,C000700,delta,IN,delta,UNKNOWN
B000701,C000701,beta,AE,alpha,Y
B000702,C000702,beta,US,gamma,Y
B000703,C000703,unknown,BR,alpha,UNKNOWN
B000704,C000704,gamma,IN,beta,Y
B000705,C000705,beta,IN,beta,Y
B000706,C000706,beta,US,unknown,Y
B000707,C000707,delta,US,alpha,Y
B000708,C000708,unknown,GB,delta,N
B000709,C000709,gamma,IN,alpha,UNKNOWN
B000710,C000710,delta,BR,alpha,N
B000711,C000711,delta,AE,beta,Y
B000712,C000712,gamma,GB,alpha,N
B000713,C000713,delta,US,unknown,N
B000714,C000714,beta,BR,beta,UNKNOWN
B000715,C000715,alpha,GB,alpha,UNKNOWN
B000716,C000716,unknown,GB,delta,N
B000717,C000717,gamma,US,gamma,N
B000718,C000718,alpha,AE,alpha,N
B000719,C000719,beta,SG,delta,UNKNOWN
B000720,C000720,delta,AE,unknown,Y
B000721,C000721,unknown,DE,alpha,UNKNOWN
B000722,C000722,delta,US,unknown,UNKNOWN
B000723,C000723,gamma,GB,gamma,N
B000724,C000724,gamma,SG,alpha,Y
B000725,C000725,beta,US,delta,N
B000726,C000726,delta,BR,beta,N
B000727,C000727,unknown,SG,beta,Y
B000728,C000728,unknown,GB,alpha,UNKNOWN
B000729,C000729,alpha,GB,beta,Y
B000730,C000730,gamma,SG,delta,Y
B000731,C000731,gamma,GB,gamma,UNKNOWN
B000732,C000732,alpha,AE,delta,UNKNOWN
B000733,C000733,delta,DE,gamma,UNKNOWN
B000734,C000734,delta,AE,alpha,UNKNOWN
B000735,C000735,beta,BR,unknown,Y
B000736,C000736,delta,DE,alpha,N
B000737,C000737,gamma,US,gamma,N
B000738,C000738,gamma,US,beta,Y
B000739,C000739,beta,DE,alpha,Y
B000740,C000740,gamma,GB,alpha,UNKNOWN
B000741,C000741,alpha,IN,gamma,Y
B000742,C000742,alpha,BR,gamma,Y
B000743,C000743,delta,DE,gamma,Y
B000744,C000744,unknown,AE,delta,UNKNOWN
B000745,C000745,beta,SG,gamma,Y
B000746,C000746,gamma,DE,delta,N
B000747,C000747,alpha,GB,delta,UNKNOWN
B000748,C000748,gamma,BR,beta,N
B000749,C000749,beta,US,unknown,Y
B000750,C000750,delta,US,beta,Y
B000751,C000751,alpha,IN,gamma,Y
B000752,C000752,unknown,SG,delta,UNKNOWN
B000753,C000753,delta,AE,unknown,UNKNOWN
B000754,C000754,delta,GB,delta,Y
B000755,C000755,beta,AE,unknown,UNKNOWN
B000756,C000756,delta,BR,beta,N
B000757,C000757,beta,SG,unknown,UNKNOWN
B000758,C000758,delta,DE,gamma,Y
B000759,C000759,delta,BR,delta,UNKNOWN
B000760,C000760,alpha,IN,unknown,UNKNOWN
B000761,C000761,gamma,DE,alpha,UNKNOWN
B000762,C000762,alpha,GB,gamma,UNKNOWN
B000763,C000763,delta,SG,delta,Y
B000764,C000764,unknown,IN,gamma,UNKNOWN
B000765,C000765,delta,BR,delta,UNKNOWN
B000766,C000766,delta,DE,gamma,UNKNOWN
B000767,C000767,unknown,AE,delta,UNKNOWN
B000768,C000768,alpha,IN,gamma,Y
B000769,C000769,delta,GB,gamma,Y
B000770,C000770,alpha,AE,gamma,N
B000771,C000771,gamma,BR,beta,Y
B000772,C000772,beta,IN,unknown,N
B000773,C000773,delta,DE,alpha,N
B000774,C000774,alpha,US,unknown,N
B000775,C000775,alpha,IN,delta,Y
B000776,C000776,gamma,US,unknown,N
B000777,C000777,gamma,IN,delta,UNKNOWN
B000778,C000778,alpha,DE,gamma,N
B000779,C000779,delta,IN,gamma,N
B000780,C000780,beta,SG,beta,N
B000781,C000781,alpha,SG,beta,Y
B000782,C000782,unknown,US,beta,UNKNOWN
B000783,C000783,gamma,SG,delta,UNKNOWN
B000784,C000784,unknown,US,beta,Y
B000785,C000785,gamma,GB,alpha,N
B000786,C000786,alpha,SG,gamma,N
B000787,C000787,gamma,SG,beta,Y
B000788,C000788,alpha,DE,unknown,Y
B000789,C000789,unknown,IN,unknown,UNKNOWN
B000790,C000790,delta,AE,alpha,N
B000791,C000791,beta,SG,delta,Y
B000792,C000792,delta,DE,gamma,Y
B000793,C000793,beta,GB,alpha,N
B000794,C000794,gamma,BR,alpha,N
B000795,C000795,gamma,GB,delta,N
B000796,C000796,delta,DE,delta,Y
B000797,C000797,alpha,BR,gamma,UNKNOWN
B000798,C000798,unknown,SG,gamma,N
B000799,C000799,unknown,GB,alpha,UNKNOWN
B000800,C000800,unknown,GB,gamma,UNKNOWN
B000801,C000801,gamma,US,unknown,N
B000802,C000802,unknown,IN,unknown,Y
B000803,C000803,delta,IN,alpha,N
B000804,C000804,unknown,IN,delta,UNKNOWN
B000805,C000805,alpha,DE,gamma,Y
B000806,C000806,gamma,GB,beta,UNKNOWN
B000807,C000807,beta,DE,beta,N
B000808,C000808,unknown,GB,beta,Y
B000809,C000809,gamma,DE,unknown,N
B000810,C000810,gamma,AE,delta,UNKNOWN
B000811,C000811,beta,BR,gamma,Y
B000812,C000812,delta,SG,unknown,UNKNOWN
B000813,C000813,unknown,SG,beta,UNKNOWN
B000814,C000814,delta,SG,gamma,Y
B000815,C000815,unknown,AE,unknown,N
B000816,C000816,gamma,AE,gamma,UNKNOWN
B000817,C000817,delta,US,alpha,N
B000818,C000818,beta,BR,gamma,N
B000819,C000819,gamma,SG,gamma,UNKNOWN
B000820,C000820,alpha,SG,gamma,Y
B000821,C000821,alpha,SG,alpha,N
B000822,C000822,beta,BR,delta,Y
B000823,C000823,alpha,AE,unknown,UNKNOWN
B000824,C000824,unknown,AE,gamma,UNKNOWN
B000825,C000825,unknown,IN,gamma,UNKNOWN
B000826,C000826,alpha,US,alpha,N
B000827,C000827,unknown,IN,alpha,UNKNOWN
B000828,C000828,gamma,BR,delta,UNKNOWN
B000829,C000829,alpha,US,beta,UNKNOWN
B000830,C000830,unknown,DE,gamma,UNKNOWN
B000831,C000831,delta,SG,beta,Y
B000832,C000832,beta,BR,gamma,Y
B000833,C000833,gamma,GB,beta,UNKNOWN
B000834,C000834,delta,IN,beta,N
B000835,C000835,gamma,IN,beta,N
B000836,C000836,beta,IN,gamma,N
B000837,C000837,unknown,SG,unknown,Y
B000838,C000838,gamma,BR,beta,Y
B000839,C000839,unknown,US,alpha,N
B000840,C000840,gamma,DE,unknown,Y
B000841,C000841,delta,AE,unknown,UNKNOWN
B000842,C000842,delta,SG,unknown,Y
B000843,C000843,gamma,AE,gamma,UNKNOWN
B000844,C000844,gamma,SG,gamma,UNKNOWN
B000845,C000845,beta,DE,unknown,Y
B000846,C000846,gamma,AE,beta,UNKNOWN
B000847,C000847,unknown,DE,unknown,N
B000848,C000848,beta,AE,alpha,Y
B000849,C000849,gamma,GB,gamma,Y
B000850,C000850,gamma,US,beta,UNKNOWN
B000851,C000851,delta,DE,unknown,Y
B000852,C000852,delta,AE,gamma,N
B000853,C000853,beta,DE,gamma,UNKNOWN
B000854,C000854,gamma,AE,delta,Y
B000855,C000855,gamma,US,gamma,UNKNOWN
B000856,C000856,gamma,US,delta,UNKNOWN
B000857,C000857,alpha,BR,unknown,UNKNOWN
B000858,C000858,unknown,US,alpha,Y
B000859,C000859,beta,SG,alpha,UNKNOWN
B000860,C000860,delta,DE,delta,Y
B000861,C000861,unknown,DE,unknown,UNKNOWN
B000862,C000862,gamma,IN,delta,Y
B000863,C000863,gamma,US,delta,UNKNOWN
B000864,C000864,gamma,AE,delta,Y
B000865,C000865,alpha,AE,unknown,Y
B000866,C000866,unknown,SG,beta,
B000867,C000867,alpha,BR,beta,UNKNOWN
B000868,C000868,beta,IN,alpha,Y
B000869,C000869,alpha,GB,unknown,UNKNOWN
B000870,C000870,alpha,US,unknown,Y
B000871,C000871,beta,US,beta,UNKNOWN
B000872,C000872,unknown,SG,gamma,UNKNOWN
B000873,C000873,delta,GB,unknown,Y
B000874,C000874,unknown,GB,beta,UNKNOWN
B000875,C000875,delta,GB,alpha,N
B000876,C000876,delta,DE,unknown,N
B000877,C000877,beta,DE,unknown,N
B000878,C000878,gamma,SG,gamma,N
B000879,C000879,alpha,DE,unknown,UNKNOWN
B000880,C000880,alpha,SG,gamma,Y
B000881,C000881,gamma,AE,alpha,UNKNOWN
B000882,C000882,gamma,DE,unknown,Y
B000883,C000883,delta,US,beta,UNKNOWN
B000884,C000884,gamma,US,unknown,Y
B000885,C000885,delta,BR,unknown,Y
B000886,C000886,beta,DE,unknown,N
B000887,C000887,alpha,DE,gamma,Y
B000888,C000888,delta,GB,beta,N
B000889,C000889,delta,DE,unknown,UNKNOWN
B000890,C000890,unknown,BR,gamma,UNKNOWN
B000891,C000891,alpha,GB,gamma,UNKNOWN
B000892,C000892,unknown,IN,unknown,N
B000893,C000893,alpha,AE,beta,UNKNOWN
B000894,C000894,alpha,US,gamma,Y
B000895,C000895,beta,US,beta,UNKNOWN
B000896,C000896,alpha,US,gamma,UNKNOWN
B000897,C000897,alpha,BR,delta,N
B000898,C000898,unknown,BR,alpha,UNKNOWN
B000899,C000899,gamma,US,alpha,Y
B000900,C000900,delta,IN,gamma,Y
B000901,C000901,unknown,GB,gamma,Y
B000902,C000902,unknown,GB,gamma,Y
B000903,C000903,gamma,AE,alpha,Y
B000904,C000904,unknown,BR,alpha,UNKNOWN
B000905,C000905,delta,AE,delta,Y
B000906,C000906,gamma,US,delta,Y
B000907,C000907,gamma,IN,delta,Y
B000908,C000908,gamma,GB,alpha,N
B000909,C000909,beta,US,gamma,Y
B000910,C000910,alpha,DE,gamma,Y
B000911,C000911,beta,BR,gamma,Y
B000912,C000912,gamma,US,gamma,N
B000913,C000913,gamma,DE,delta,Y
B000914,C000914,alpha,SG,gamma,N
B000915,C000915,unknown,SG,beta,N
B000916,C000916,unknown,AE,unknown,UNKNOWN
B000917,C000917,unknown,IN,delta,Y
B000918,C000918,beta,AE,beta,Y
B000919,C000919,alpha,BR,alpha,Y
B000920,C000920,delta,AE,beta,UNKNOWN
B000921,C000921,gamma,AE,gamma,UNKNOWN
B000922,C000922,gamma,AE,alpha,UNKNOWN
B000923,C000923,unknown,BR,gamma,UNKNOWN
B000924,C000924,unknown,AE,gamma,N
B000925,C000925,alpha,AE,unknown,UNKNOWN
B000926,C000926,alpha,AE,gamma,N
B000927,C000927,gamma,GB,unknown,Y
B000928,C000928,unknown,AE,gamma,N
B000929,C000929,gamma,AE,gamma,UNKNOWN
B000930,C000930,beta,US,alpha,UNKNOWN
B000931,C000931,gamma,DE,gamma,N
B000932,C000932,beta,DE,beta,Y
B000933,C000933,beta,SG,alpha,UNKNOWN
B000934,C000934,beta,DE,beta,N
B000935,C000935,unknown,BR,gamma,UNKNOWN
B000936,C000936,unknown,IN,unknown,UNKNOWN
B000937,C000937,alpha,IN,unknown,Y
B000938,C000938,gamma,GB,beta,Y
B000939,C000939,gamma,DE,unknown,UNKNOWN
B000940,C000940,delta,US,beta,N
B000941,C000941,alpha,AE,gamma,N
B000942,C000942,unknown,SG,delta,Y
B000943,C000943,unknown,BR,delta,Y
B000944,C000944,beta,AE,unknown,N
B000945,C000945,alpha,DE,gamma,Y
B000946,C000946,alpha,US,delta,N
B000947,C000947,alpha,IN,alpha,UNKNOWN
B000948,C000948,beta,GB,unknown,N
B000949,C000949,gamma,GB,alpha,Y
B000950,C000950,alpha,GB,delta,UNKNOWN
B000951,C000951,delta,US,gamma,UNKNOWN
B000952,C000952,gamma,GB,unknown,N
B000953,C000953,delta,SG,gamma,N
B000954,C000954,beta,AE,gamma,N
B000955,C000955,delta,GB,unknown,N
B000956,C000956,beta,BR,delta,UNKNOWN
B000957,C000957,alpha,AE,unknown,UNKNOWN
B000958,C000958,unknown,SG,delta,Y
B000959,C000959,delta,GB,beta,UNKNOWN
B000960,C000960,delta,US,gamma,N
B000961,C000961,unknown,US,delta,Y
B000962,C000962,gamma,BR,unknown,N
B000963,C000963,alpha,DE,unknown,N
B000964,C000964,beta,GB,alpha,UNKNOWN
B000965,C000965,gamma,AE,alpha,Y
B000966,C000966,alpha,IN,alpha,N
B000967,C000967,beta,US,beta,UNKNOWN
B000968,C000968,unknown,BR,unknown,Y
B000969,C000969,gamma,DE,beta,Y
B000970,C000970,beta,IN,gamma,UNKNOWN
B000971,C000971,gamma,GB,gamma,UNKNOWN
B000972,C000972,beta,US,alpha,UNKNOWN
B000973,C000973,alpha,GB,alpha,Y
B000974,C000974,gamma,DE,alpha,N
B000975,C000975,gamma,AE,unknown,N
B000976,C000976,alpha,AE,alpha,Y
B000977,C000977,unknown,AE,beta,Y
B000978,C000978,gamma,US,alpha,Y
B000979,C000979,alpha,AE,alpha,N
B000980,C000980,unknown,US,delta,N
B000981,C000981,gamma,BR,gamma,UNKNOWN
B000982,C000982,beta,GB,delta,UNKNOWN
B000983,C000983,delta,AE,gamma,UNKNOWN
B000984,C000984,unknown,AE,beta,N
B000985,C000985,unknown,GB,delta,N
B000986,C000986,delta,DE,beta,N
B000987,C000987,unknown,AE,unknown,N
B000988,C000988,alpha,DE,gamma,N
B000989,C000989,alpha,GB,gamma,N
B000990,C000990,alpha,GB,alpha,N
B000991,C000991,unknown,DE,delta,N
B000992,C000992,beta,SG,delta,N
B000993,C000993,delta,IN,beta,N
B000994,C000994,beta,SG,gamma,N
B000995,C000995,gamma,BR,unknown,N
B000996,C000996,beta,IN,delta,N
B000997,C000997,delta,AE,delta,Y
B000998,C000998,beta,DE,unknown,N
B000999,C000999,alpha,GB,beta,N
B001000,C001000,unknown,US,gamma,N
B001001,C001001,unknown,US,alpha,N
B001002,C001002,gamma,GB,delta,UNKNOWN
B001003,C001003,unknown,DE,gamma,N
B001004,C001004,gamma,AE,alpha,Y
B001005,C001005,beta,IN,delta,Y
B001006,C001006,gamma,DE,beta,UNKNOWN
B001007,C001007,delta,DE,beta,Y
B001008,C001008,unknown,IN,alpha,Y
B001009,C001009,alpha,BR,gamma,Y
B001010,C001010,beta,SG,alpha,UNKNOWN
B001011,C001011,alpha,SG,unknown,Y
B001012,C001012,gamma,IN,delta,UNKNOWN
B001013,C001013,unknown,AE,gamma,N
B001014,C001014,delta,SG,gamma,N
B001015,C001015,alpha,DE,delta,Y
B001016,C001016,delta,SG,unknown,Y
B001017,C001017,unknown,AE,delta,Y
B001018,C001018,unknown,AE,gamma,N
B001019,C001019,delta,SG,gamma,Y
B001020,C001020,gamma,GB,alpha,N
B001021,C001021,unknown,SG,unknown,Y
B001022,C001022,gamma,US,beta,N
B001023,C001023,delta,US,unknown,Y
B001024,C001024,delta,GB,beta,Y
B001025,C001025,unknown,SG,unknown,N
B001026,C001026,delta,SG,alpha,N
B001027,C001027,unknown,US,delta,UNKNOWN
B001028,C001028,unknown,BR,gamma,UNKNOWN
B001029,C001029,gamma,IN,gamma,UNKNOWN
B001030,C001030,alpha,GB,delta,N
B001031,C001031,beta,AE,alpha,UNKNOWN
B001032,C001032,beta,BR,beta,Y
B001033,C001033,beta,GB,alpha,UNKNOWN
B001034,C001034,beta,AE,delta,N
B001035,C001035,alpha,US,gamma,UNKNOWN
B001036,C001036,unknown,IN,beta,N
B001037,C001037,gamma,AE,beta,N
B001038,C001038,alpha,SG,unknown,UNKNOWN
B001039,C001039,delta,GB,beta,
B001040,C001040,unknown,IN,alpha,UNKNOWN
B001041,C001041,alpha,IN,unknown,Y
B001042,C001042,delta,IN,delta,Y
B001043,C001043,delta,AE,beta,UNKNOWN
B001044,C001044,gamma,BR,gamma,Y
B001045,C001045,beta,BR,gamma,N
B001046,C001046,unknown,US,gamma,N
B001047,C001047,unknown,DE,beta,N
B001048,C001048,alpha,SG,gamma,N
B001049,C001049,unknown,SG,delta,UNKNOWN
B001050,C001050,unknown,DE,beta,N
B001051,C001051,beta,AE,beta,Y
B001052,C001052,unknown,US,beta,UNKNOWN
B001053,C001053,delta,SG,alpha,N
B001054,C001054,alpha,IN,unknown,N
B001055,C001055,alpha,GB,gamma,Y
B001056,C001056,gamma,SG,gamma,UNKNOWN
B001057,C001057,delta,AE,unknown,UNKNOWN
B001058,C001058,alpha,IN,delta,Y
B001059,C001059,unknown,US,unknown,Y
B001060,C001060,alpha,AE,alpha,Y
B001061,C001061,beta,GB,delta,N
B001062,C001062,alpha,SG,gamma,Y
B001063,C001063,unknown,SG,beta,Y
B001064,C001064,gamma,GB,unknown,N
B001065,C001065,unknown,GB,unknown,UNKNOWN
B001066,C001066,delta,US,gamma,UNKNOWN
B001067,C001067,delta,AE,alpha,UNKNOWN
B001068,C001068,unknown,DE,delta,N
B001069,C001069,beta,AE,alpha,N
B001070,C001070,beta,DE,gamma,UNKNOWN
B001071,C001071,alpha,GB,delta,UNKNOWN
B001072,C001072,beta,US,delta,Y
B001073,C001073,unknown,AE,unknown,UNKNOWN
B001074,C001074,alpha,GB,unknown,Y
B001075,C001075,alpha,US,unknown,N
B001076,C001076,delta,GB,gamma,UNKNOWN
B001077,C001077,beta,SG,alpha,UNKNOWN
B001078,C001078,beta,BR,gamma,UNKNOWN
B001079,C001079,alpha,GB,unknown,Y
B001080,C001080,alpha,IN,alpha,UNKNOWN
B001081,C001081,alpha,DE,unknown,UNKNOWN
B001082,C001082,unknown,US,unknown,N
B001083,C001083,alpha,AE,beta,Y
B001084,C001084,unknown,IN,beta,UNKNOWN
B001085,C001085,beta,GB,unknown,Y
B001086,C001086,beta,SG,delta,UNKNOWN
B001087,C001087,beta,AE,beta,N
B001088,C001088,alpha,GB,gamma,N
B001089,C001089,alpha,DE,gamma,Y
B001090,C001090,delta,DE,gamma,Y
B001091,C001091,alpha,IN,gamma,N
B001092,C001092,alpha,AE,delta,UNKNOWN
B001093,C001093,alpha,US,beta,Y
B001094,C001094,unknown,AE,beta,N
B001095,C001095,unknown,IN,unknown,UNKNOWN
B001096,C001096,unknown,AE,delta,Y
B001097,C001097,beta,IN,gamma,Y
B001098,C001098,alpha,DE,delta,UNKNOWN
B001099,C001099,gamma,SG,delta,UNKNOWN
B001100,C001100,beta,US,alpha,Y
B001101,C001101,gamma,AE,alpha,Y
B001102,C001102,gamma,BR,delta,N
B001103,C001103,unknown,BR,gamma,N
B001104,C001104,beta,AE,gamma,N
B001105,C001105,beta,AE,delta,UNKNOWN
B001106,C001106,alpha,SG,beta,N
B001107,C001107,beta,BR,alpha,Y
B001108,C001108,gamma,DE,unknown,Y
B001109,C001109,delta,DE,gamma,N
B001110,C001110,gamma,DE,alpha,UNKNOWN
B001111,C001111,gamma,GB,gamma,UNKNOWN
B001112,C001112,unknown,BR,alpha,UNKNOWN
B001113,C001113,alpha,US,unknown,Y
B001114,C001114,gamma,SG,gamma,N
B001115,C001115,beta,US,unknown,UNKNOWN
B001116,C001116,unknown,AE,beta,UNKNOWN
B001117,C001117,gamma,BR,delta,UNKNOWN
B001118,C001118,alpha,AE,unknown,N
B001119,C001119,beta,BR,gamma,N
B001120,C001120,beta,GB,alpha,N
B001121,C001121,gamma,AE,unknown,UNKNOWN
B001122,C001122,unknown,BR,alpha,Y
B001123,C001123,alpha,GB,unknown,UNKNOWN
B001124,C001124,alpha,SG,alpha,Y
B001125,C001125,gamma,US,beta,N
B001126,C001126,beta,IN,gamma,Y
B001127,C001127,beta,IN,unknown,UNKNOWN
B001128,C001128,alpha,IN,gamma,N
B001129,C001129,gamma,GB,alpha,Y
B001130,C001130,unknown,SG,delta,Y
B001131,C001131,delta,GB,delta,Y
B001132,C001132,unknown,US,beta,UNKNOWN
B001133,C001133,unknown,GB,unknown,N
B001134,C001134,alpha,AE,unknown,Y
B001135,C001135,beta,IN,delta,N
B001136,C001136,delta,DE,gamma,UNKNOWN
B001137,C001137,gamma,AE,delta,N
B001138,C001138,unknown,US,alpha,UNKNOWN
B001139,C001139,beta,DE,delta,UNKNOWN
B001140,C001140,delta,US,gamma,UNKNOWN
B001141,C001141,unknown,SG,unknown,UNKNOWN
B001142,C001142,beta,BR,delta,Y
B001143,C001143,delta,IN,unknown,N
B001144,C001144,delta,DE,alpha,N
B001145,C001145,beta,BR,gamma,N
B001146,C001146,alpha,GB,gamma,UNKNOWN
B001147,C001147,unknown,DE,gamma,N
B001148,C001148,beta,SG,beta,UNKNOWN
B001149,C001149,gamma,SG,delta,UNKNOWN
B001150,C001150,alpha,AE,beta,Y
B001151,C001151,gamma,GB,beta,Y
B001152,C001152,alpha,AE,delta,N
B001153,C001153,alpha,AE,gamma,N
B001154,C001154,delta,BR,unknown,UNKNOWN
B001155,C001155,gamma,US,alpha,UNKNOWN
B001156,C001156,gamma,SG,unknown,N
B001157,C001157,delta,IN,delta,UNKNOWN
B001158,C001158,unknown,IN,gamma,N
B001159,C001159,alpha,DE,unknown,Y
B001160,C001160,alpha,IN,beta,N
B001161,C001161,beta,SG,delta,Y
B001162,C001162,beta,IN,delta,N
B001163,C001163,beta,US,delta,UNKNOWN
B001164,C001164,unknown,DE,gamma,N
B001165,C001165,unknown,IN,unknown,Y
B001166,C001166,alpha,GB,delta,Y
B001167,C001167,alpha,SG,alpha,N
B001168,C001168,delta,US,gamma,N
B001169,C001169,alpha,GB,unknown,Y
B001170,C001170,unknown,AE,unknown,Y
B001171,C001171,alpha,SG,unknown,UNKNOWN
B001172,C001172,gamma,IN,unknown,N
B001173,C001173,delta,BR,unknown,UNKNOWN
B001174,C001174,unknown,AE,delta,N
B001175,C001175,beta,US,alpha,N
B001176,C001176,delta,AE,beta,UNKNOWN
B001177,C001177,beta,BR,delta,Y
B001178,C001178,delta,GB,alpha,UNKNOWN
B001179,C001179,unknown,US,gamma,Y
B001180,C001180,gamma,BR,delta,Y
B001181,C001181,beta,AE,beta,Y
B001182,C001182,unknown,US,alpha,UNKNOWN
B001183,C001183,beta,IN,alpha,N
B001184,C001184,delta,US,alpha,UNKNOWN
B001185,C001185,beta,US,unknown,UNKNOWN
B001186,C001186,beta,IN,beta,Y
B001187,C001187,unknown,GB,gamma,N
B001188,C001188,unknown,US,delta,Y
B001189,C001189,beta,BR,unknown,N
B001190,C001190,delta,IN,beta,N
B001191,C001191,beta,BR,alpha,UNKNOWN
B001192,C001192,gamma,GB,unknown,UNKNOWN
B001193,C001193,beta,US,gamma,UNKNOWN
B001194,C001194,gamma,US,delta,UNKNOWN
B001195,C001195,delta,IN,unknown,UNKNOWN
B001196,C001196,delta,IN,beta,Y
B001197,C001197,gamma,DE,gamma,UNKNOWN
B001198,C001198,beta,BR,gamma,UNKNOWN
B001199,C001199,gamma,BR,unknown,UNKNOWN
B001200,C001200,gamma,IN,unknown,UNKNOWN
