kyc_case_id,customer_id,status,document_type,verification_source,age_days
KC000001,C000001,PENDING,beta,beta,
KC000002,C000002,UNKNOWN,unknown,alpha,2420
KC000003,C000003,ACTIVE,unknown,delta,2620
KC000004,C000004,PENDING,beta,unknown,3393
KC000005,C000005,ACTIVE,beta,delta,2980
KC000006,C000006,UNKNOWN,gamma,alpha,1793
KC000007,C000007,OPEN,alpha,unknown,2987
KC000008,C000008,ACTIVE,alpha,beta,3276
KC000009,C000009,OPEN,alpha,gamma,1954
KC000010,C000010,PENDING,gamma,beta,200
KC000011,C000011,PENDING,gamma,gamma,3152
KC000012,C000012,UNKNOWN,alpha,beta,3211
KC000013,C000013,OPEN,unknown,unknown,691
KC000014,C000014,UNKNOWN,beta,gamma,1252
KC000015,C000015,OPEN,alpha,unknown,2897
KC000016,C000016,ACTIVE,unknown,gamma,1852
KC000017,C000017,OPEN,alpha,unknown,1757
KC000018,C000018,OPEN,gamma,gamma,3302
KC000019,C000019,UNKNOWN,delta,alpha,1944
KC000020,C000020,UNKNOWN,alpha,alpha,4220
KC000021,C000021,UNKNOWN,unknown,unknown,3182
KC000022,C000022,CLOSED,unknown,delta,4614
KC000023,C000023,ACTIVE,gamma,unknown,3227
KC000024,C000024,ACTIVE,unknown,unknown,805
KC000025,C000025,UNKNOWN,beta,unknown,4267
KC000026,C000026,UNKNOWN,gamma,delta,1080
KC000027,C000027,UNKNOWN,beta,delta,2961
KC000028,C000028,OPEN,alpha,unknown,3429
KC000029,C000029,ACTIVE,unknown,delta,115
KC000030,C000030,UNKNOWN,beta,gamma,4721
KC000031,C000031,OPEN,delta,beta,773
KC000032,C000032,OPEN,gamma,beta,3183
KC000033,C000033,UNKNOWN,beta,delta,1512
KC000034,C000034,UNKNOWN,gamma,gamma,1469
KC000035,C000035,ACTIVE,beta,alpha,1521
KC000036,C000036,UNKNOWN,gamma,gamma,2808
KC000037,C000037,UNKNOWN,alpha,alpha,4967
KC000038,C000038,ACTIVE,unknown,gamma,2142
KC000039,C000039,OPEN,unknown,alpha,1400
KC000040,C000040,PENDING,beta,delta,863
KC000041,C000041,ACTIVE,alpha,beta,3636
KC000042,C000042,OPEN,beta,gamma,4590
KC000043,C000043,CLOSED,alpha,gamma,4112
KC000044,C000044,UNKNOWN,delta,alpha,2630
KC000045,C000045,OPEN,gamma,gamma,124
KC000046,C000046,ACTIVE,unknown,beta,1567
KC000047,C000047,ACTIVE,alpha,delta,3308
KC000048,C000048,ACTIVE,gamma,beta,2673
KC000049,C000049,UNKNOWN,beta,unknown,104
KC000050,C000050,UNKNOWN,beta,unknown,3837
KC000051,C000051,UNKNOWN,delta,delta,2197
KC000052,C000052,UNKNOWN,alpha,unknown,3428
KC000053,C000053,OPEN,unknown,gamma,1262
KC000054,C000054,ACTIVE,gamma,gamma,3511
KC000055,C000055,ACTIVE,gamma,alpha,496
KC000056,C000056,PENDING,gamma,beta,938
KC000057,C000057,OPEN,unknown,unknown,1611
KC000058,C000058,UNKNOWN,delta,gamma,2689
KC000059,C000059,UNKNOWN,gamma,alpha,2296
KC000060,C000060,CLOSED,unknown,alpha,4907
KC000061,C000061,PENDING,unknown,unknown,4640
KC000062,C000062,ACTIVE,unknown,delta,3920
KC000063,C000063,ACTIVE,delta,gamma,770
KC000064,C000064,UNKNOWN,beta,beta,285
KC000065,C000065,OPEN,unknown,alpha,1225
KC000066,C000066,UNKNOWN,gamma,gamma,4559
KC000067,C000067,ACTIVE,beta,beta,180
KC000068,C000068,PENDING,delta,alpha,668
KC000069,C000069,CLOSED,beta,delta,96
KC000070,C000070,CLOSED,alpha,gamma,3063
KC000071,C000071,UNKNOWN,gamma,gamma,2779
KC000072,C000072,UNKNOWN,alpha,alpha,2543
KC000073,C000073,OPEN,beta,beta,4649
KC000074,C000074,CLOSED,delta,delta,1353
KC000075,C000075,UNKNOWN,delta,beta,2128
KC000076,C000076,ACTIVE,gamma,delta,1529
KC000077,C000077,ACTIVE,alpha,delta,1025
KC000078,C000078,CLOSED,unknown,alpha,4717
KC000079,C000079,UNKNOWN,beta,unknown,2450
KC000080,C000080,ACTIVE,unknown,beta,130
KC000081,C000081,CLOSED,alpha,unknown,155
KC000082,C000082,UNKNOWN,unknown,delta,754
KC000083,C000083,UNKNOWN,alpha,delta,3119
KC000084,C000084,UNKNOWN,gamma,beta,3583
KC000085,C000085,UNKNOWN,beta,delta,4308
KC000086,C000086,ACTIVE,alpha,unknown,4239
KC000087,C000087,UNKNOWN,beta,gamma,465
KC000088,C000088,PENDING,unknown,beta,1341
KC000089,C000089,PENDING,gamma,gamma,3791
KC000090,C000090,ACTIVE,beta,alpha,3841
KC000091,C000091,CLOSED,gamma,beta,2828
KC000092,C000092,OPEN,delta,beta,235
KC000093,C000093,ACTIVE,beta,unknown,2133
KC000094,C000094,CLOSED,gamma,delta,4556
KC000095,C000095,OPEN,beta,unknown,367
KC000096,C000096,PENDING,beta,unknown,1149
KC000097,C000097,OPEN,alpha,gamma,2723
KC000098,C000098,PENDING,gamma,unknown,282
KC000099,C000099,PENDING,beta,alpha,87
KC000100,C000100,PENDING,delta,alpha,4306
KC000101,C000101,OPEN,beta,alpha,892
KC000102,C000102,ACTIVE,gamma,beta,4310
KC000103,C000103,CLOSED,delta,delta,1885
KC000104,C000104,ACTIVE,beta,beta,1625
KC000105,C000105,ACTIVE,unknown,alpha,4302
KC000106,C000106,OPEN,unknown,delta,3531
KC000107,C000107,ACTIVE,delta,alpha,1494
KC000108,C000108,CLOSED,gamma,gamma,2000
KC000109,C000109,PENDING,unknown,beta,1814
KC000110,C000110,UNKNOWN,beta,alpha,3666
KC000111,C000111,ACTIVE,delta,unknown,3939
KC000112,C000112,UNKNOWN,delta,gamma,4965
KC000113,C000113,PENDING,gamma,unknown,2700
KC000114,C000114,ACTIVE,unknown,beta,1776
KC000115,C000115,ACTIVE,beta,unknown,1077
KC000116,C000116,OPEN,unknown,beta,3742
KC000117,C000117,PENDING,unknown,gamma,2522
KC000118,C000118,ACTIVE,gamma,delta,1121
KC000119,C000119,PENDING,alpha,delta,2474
KC000120,C000120,ACTIVE,gamma,delta,54
KC000121,C000121,CLOSED,beta,gamma,2032
KC000122,C000122,UNKNOWN,alpha,unknown,2798
KC000123,C000123,UNKNOWN,delta,delta,3264
KC000124,C000124,PENDING,beta,beta,4753
KC000125,C000125,UNKNOWN,beta,unknown,2863
KC000126,C000126,CLOSED,beta,beta,1821
KC000127,C000127,UNKNOWN,delta,beta,1563
KC000128,C000128,OPEN,beta,unknown,4767
KC000129,C000129,ACTIVE,unknown,beta,359
KC000130,C000130,OPEN,alpha,gamma,1131
KC000131,C000131,UNKNOWN,alpha,gamma,1685
KC000132,C000132,PENDING,unknown,delta,1517
KC000133,C000133,UNKNOWN,beta,alpha,3187
KC000134,C000134,CLOSED,gamma,alpha,1382
KC000135,C000135,CLOSED,alpha,gamma,3626
KC000136,C000136,UNKNOWN,beta,alpha,4
KC000137,C000137,CLOSED,delta,gamma,3602
KC000138,C000138,PENDING,gamma,beta,2801
KC000139,C000139,OPEN,gamma,delta,397
KC000140,C000140,PENDING,unknown,alpha,2389
KC000141,C000141,CLOSED,beta,unknown,4131
KC000142,C000142,OPEN,gamma,gamma,377
KC000143,C000143,UNKNOWN,delta,unknown,292
KC000144,C000144,CLOSED,delta,alpha,550
KC000145,C000145,CLOSED,beta,gamma,4918
KC000146,C000146,CLOSED,delta,beta,330
KC000147,C000147,ACTIVE,gamma,delta,938
KC000148,C000148,OPEN,delta,unknown,3426
KC000149,C000149,CLOSED,alpha,unknown,444
KC000150,C000150,UNKNOWN,delta,gamma,4937
KC000151,C000151,ACTIVE,delta,unknown,4956
KC000152,C000152,UNKNOWN,delta,delta,1745
KC000153,C000153,UNKNOWN,alpha,alpha,3776
KC000154,C000154,ACTIVE,gamma,unknown,1820
KC000155,C000155,OPEN,gamma,alpha,3587
KC000156,C000156,OPEN,delta,delta,4720
KC000157,C000157,OPEN,gamma,unknown,4514
KC000158,C000158,OPEN,alpha,gamma,4118
KC000159,C000159,UNKNOWN,unknown,delta,594
KC000160,C000160,PENDING,delta,alpha,3856
KC000161,C000161,OPEN,delta,alpha,4925
KC000162,C000162,CLOSED,alpha,gamma,3809
KC000163,C000163,CLOSED,unknown,alpha,46
KC000164,C000164,UNKNOWN,alpha,unknown,887
KC000165,C000165,UNKNOWN,gamma,delta,1351
KC000166,C000166,OPEN,delta,delta,4601
KC000167,C000167,ACTIVE,gamma,unknown,1269
KC000168,C000168,PENDING,delta,alpha,4511
KC000169,C000169,OPEN,alpha,delta,3223
KC000170,C000170,CLOSED,gamma,unknown,4093
KC000171,C000171,CLOSED,delta,beta,3858
KC000172,C000172,CLOSED,gamma,alpha,1329
KC000173,C000173,PENDING,delta,delta,323
KC000174,C000174,OPEN,gamma,gamma,
KC000175,C000175,CLOSED,alpha,alpha,4589
KC000176,C000176,ACTIVE,alpha,unknown,3984
KC000177,C000177,PENDING,delta,gamma,2348
KC000178,C000178,PENDING,delta,beta,3183
KC000179,C000179,OPEN,beta,gamma,2129
KC000180,C000180,UNKNOWN,beta,alpha,4317
KC000181,C000181,OPEN,alpha,unknown,2800
KC000182,C000182,ACTIVE,alpha,alpha,4058
KC000183,C000183,PENDING,unknown,gamma,2333
KC000184,C000184,OPEN,gamma,delta,2419
KC000185,C000185,OPEN,beta,alpha,4618
KC000186,C000186,OPEN,unknown,delta,4079
KC000187,C000187,OPEN,alpha,unknown,866
KC000188,C000188,PENDING,gamma,alpha,4120
KC000189,C000189,UNKNOWN,unknown,beta,466
KC000190,C000190,ACTIVE,alpha,beta,1798
KC000191,C000191,CLOSED,gamma,delta,332
KC000192,C000192,CLOSED,delta,beta,778
KC000193,C000193,UNKNOWN,beta,unknown,2981
KC000194,C000194,ACTIVE,unknown,beta,2805
KC000195,C000195,PENDING,gamma,unknown,2470
KC000196,C000196,PENDING,unknown,gamma,4475
KC000197,C000197,UNKNOWN,delta,unknown,4288
KC000198,C000198,ACTIVE,alpha,delta,3794
KC000199,C000199,OPEN,beta,unknown,2140
KC000200,C000200,CLOSED,unknown,gamma,3874
KC000201,C000201,OPEN,beta,delta,1026
KC000202,C000202,ACTIVE,delta,delta,2931
KC000203,C000203,PENDING,beta,delta,990
KC000204,C000204,OPEN,beta,beta,2481
KC000205,C000205,UNKNOWN,delta,beta,1704
KC000206,C000206,CLOSED,beta,gamma,4153
KC000207,C000207,PENDING,unknown,beta,2852
KC000208,C000208,OPEN,beta,alpha,2779
KC000209,C000209,CLOSED,gamma,gamma,2787
KC000210,C000210,PENDING,beta,alpha,3872
KC000211,C000211,CLOSED,gamma,alpha,155
KC000212,C000212,CLOSED,unknown,beta,2976
KC000213,C000213,PENDING,beta,alpha,3800
KC000214,C000214,CLOSED,alpha,gamma,506
KC000215,C000215,ACTIVE,delta,delta,658
KC000216,C000216,UNKNOWN,beta,beta,4648
KC000217,C000217,PENDING,unknown,alpha,106
KC000218,C000218,OPEN,gamma,alpha,3905
KC000219,C000219,UNKNOWN,delta,beta,3507
KC000220,C000220,UNKNOWN,delta,gamma,2366
KC000221,C000221,UNKNOWN,beta,gamma,1844
KC000222,C000222,CLOSED,unknown,delta,4720
KC000223,C000223,CLOSED,delta,delta,2545
KC000224,C000224,ACTIVE,beta,unknown,768
KC000225,C000225,OPEN,alpha,unknown,4102
KC000226,C000226,OPEN,unknown,alpha,2568
KC000227,C000227,CLOSED,gamma,alpha,4042
KC000228,C000228,PENDING,alpha,unknown,1330
KC000229,C000229,ACTIVE,alpha,gamma,911
KC000230,C000230,PENDING,gamma,alpha,2402
KC000231,C000231,ACTIVE,gamma,delta,3498
KC000232,C000232,UNKNOWN,delta,beta,2301
KC000233,C000233,OPEN,delta,alpha,3105
KC000234,C000234,UNKNOWN,unknown,alpha,2156
KC000235,C000235,ACTIVE,gamma,gamma,273
KC000236,C000236,ACTIVE,beta,unknown,1010
KC000237,C000237,OPEN,beta,alpha,864
KC000238,C000238,UNKNOWN,unknown,delta,4299
KC000239,C000239,CLOSED,beta,beta,2805
KC000240,C000240,CLOSED,unknown,beta,1878
KC000241,C000241,ACTIVE,unknown,unknown,796
KC000242,C000242,CLOSED,alpha,delta,2088
KC000243,C000243,UNKNOWN,beta,alpha,3140
KC000244,C000244,CLOSED,alpha,gamma,933
KC000245,C000245,UNKNOWN,unknown,alpha,897
KC000246,C000246,CLOSED,beta,alpha,4740
KC000247,C000247,UNKNOWN,gamma,unknown,1559
KC000248,C000248,PENDING,beta,delta,4555
KC000249,C000249,UNKNOWN,alpha,delta,671
KC000250,C000250,PENDING,beta,beta,83
KC000251,C000251,OPEN,unknown,delta,4027
KC000252,C000252,ACTIVE,delta,beta,3478
KC000253,C000253,UNKNOWN,delta,delta,2662
KC000254,C000254,CLOSED,delta,delta,3846
KC000255,C000255,CLOSED,unknown,gamma,1569
KC000256,C000256,UNKNOWN,alpha,unknown,3409
KC000257,C000257,OPEN,gamma,beta,2592
KC000258,C000258,UNKNOWN,delta,gamma,4919
KC000259,C000259,ACTIVE,delta,delta,231
KC000260,C000260,ACTIVE,unknown,alpha,1149
KC000261,C000261,ACTIVE,beta,gamma,4432
KC000262,C000262,CLOSED,unknown,delta,4557
KC000263,C000263,OPEN,unknown,gamma,212
KC000264,C000264,CLOSED,delta,unknown,2965
KC000265,C000265,OPEN,delta,alpha,2831
KC000266,C000266,CLOSED,alpha,gamma,3163
KC000267,C000267,ACTIVE,unknown,delta,1775
KC000268,C000268,PENDING,unknown,gamma,2305
KC000269,C000269,UNKNOWN,alpha,delta,2778
KC000270,C000270,ACTIVE,alpha,alpha,3765
KC000271,C000271,ACTIVE,alpha,beta,1583
KC000272,C000272,PENDING,beta,beta,2024
KC000273,C000273,UNKNOWN,delta,alpha,874
KC000274,C000274,CLOSED,gamma,alpha,115
KC000275,C000275,PENDING,unknown,delta,2368
KC000276,C000276,OPEN,beta,delta,2842
KC000277,C000277,UNKNOWN,alpha,unknown,3200
KC000278,C000278,PENDING,alpha,delta,4015
KC000279,C000279,OPEN,beta,alpha,843
KC000280,C000280,OPEN,unknown,delta,1437
KC000281,C000281,OPEN,gamma,unknown,1473
KC000282,C000282,UNKNOWN,gamma,gamma,4329
KC000283,C000283,OPEN,alpha,alpha,1576
KC000284,C000284,UNKNOWN,delta,beta,2605
KC000285,C000285,PENDING,unknown,beta,4418
KC000286,C000286,CLOSED,unknown,gamma,1964
KC000287,C000287,ACTIVE,beta,delta,3203
KC000288,C000288,OPEN,beta,delta,2630
KC000289,C000289,CLOSED,beta,alpha,2961
KC000290,C000290,PENDING,unknown,delta,1138
KC000291,C000291,PENDING,alpha,alpha,4982
KC000292,C000292,CLOSED,unknown,gamma,4261
KC000293,C000293,ACTIVE,delta,unknown,4259
KC000294,C000294,OPEN,beta,beta,3817
KC000295,C000295,OPEN,alpha,alpha,1262
KC000296,C000296,UNKNOWN,gamma,gamma,3528
KC000297,C000297,ACTIVE,beta,delta,225
KC000298,C000298,PENDING,unknown,delta,2673
KC000299,C000299,PENDING,unknown,beta,2782
KC000300,C000300,PENDING,delta,gamma,4468
KC000301,C000301,UNKNOWN,unknown,gamma,794
KC000302,C000302,PENDING,delta,unknown,3700
KC000303,C000303,OPEN,gamma,alpha,2647
KC000304,C000304,PENDING,beta,gamma,1424
KC000305,C000305,ACTIVE,alpha,delta,4456
KC000306,C000306,OPEN,alpha,unknown,3312
KC000307,C000307,PENDING,unknown,alpha,2048
KC000308,C000308,ACTIVE,alpha,unknown,4671
KC000309,C000309,OPEN,beta,gamma,1366
KC000310,C000310,ACTIVE,gamma,unknown,3293
KC000311,C000311,UNKNOWN,alpha,gamma,407
KC000312,C000312,OPEN,gamma,beta,676
KC000313,C000313,PENDING,gamma,unknown,633
KC000314,C000314,CLOSED,delta,unknown,492
KC000315,C000315,OPEN,beta,unknown,604
KC000316,C000316,PENDING,beta,alpha,4294
KC000317,C000317,UNKNOWN,delta,alpha,2023
KC000318,C000318,CLOSED,unknown,delta,280
KC000319,C000319,PENDING,alpha,delta,2661
KC000320,C000320,PENDING,unknown,alpha,639
KC000321,C000321,OPEN,beta,gamma,2110
KC000322,C000322,ACTIVE,alpha,beta,376
KC000323,C000323,PENDING,beta,alpha,4963
KC000324,C000324,CLOSED,beta,beta,3607
KC000325,C000325,UNKNOWN,gamma,delta,1281
KC000326,C000326,PENDING,alpha,delta,2081
KC000327,C000327,PENDING,delta,gamma,2991
KC000328,C000328,CLOSED,beta,beta,4536
KC000329,C000329,CLOSED,unknown,alpha,1450
KC000330,C000330,UNKNOWN,alpha,unknown,3316
KC000331,C000331,CLOSED,unknown,delta,4730
KC000332,C000332,UNKNOWN,alpha,unknown,4352
KC000333,C000333,OPEN,delta,gamma,3797
KC000334,C000334,ACTIVE,alpha,beta,4233
KC000335,C000335,UNKNOWN,gamma,beta,1206
KC000336,C000336,UNKNOWN,unknown,unknown,135
KC000337,C000337,CLOSED,gamma,gamma,2803
KC000338,C000338,CLOSED,beta,beta,3373
KC000339,C000339,ACTIVE,gamma,unknown,2815
KC000340,C000340,OPEN,unknown,delta,1010
KC000341,C000341,UNKNOWN,beta,unknown,1202
KC000342,C000342,UNKNOWN,beta,beta,4922
KC000343,C000343,UNKNOWN,unknown,delta,970
KC000344,C000344,OPEN,delta,delta,3245
KC000345,C000345,PENDING,gamma,beta,3155
KC000346,C000346,UNKNOWN,alpha,unknown,2307
KC000347,C000347,OPEN,gamma,gamma,
KC000348,C000348,OPEN,gamma,beta,2211
KC000349,C000349,ACTIVE,alpha,beta,936
KC000350,C000350,OPEN,unknown,alpha,4457
KC000351,C000351,ACTIVE,alpha,gamma,1547
KC000352,C000352,ACTIVE,delta,gamma,411
KC000353,C000353,UNKNOWN,delta,delta,964
KC000354,C000354,PENDING,alpha,unknown,1122
KC000355,C000355,UNKNOWN,unknown,beta,1329
KC000356,C000356,ACTIVE,delta,beta,3167
KC000357,C000357,ACTIVE,unknown,beta,1395
KC000358,C000358,UNKNOWN,unknown,delta,1688
KC000359,C000359,CLOSED,alpha,alpha,578
KC000360,C000360,ACTIVE,gamma,gamma,567
KC000361,C000361,CLOSED,gamma,gamma,1878
KC000362,C000362,PENDING,unknown,unknown,2353
KC000363,C000363,CLOSED,alpha,unknown,4020
KC000364,C000364,UNKNOWN,delta,alpha,4034
KC000365,C000365,PENDING,beta,alpha,3867
KC000366,C000366,ACTIVE,alpha,gamma,1449
KC000367,C000367,CLOSED,gamma,delta,3682
KC000368,C000368,OPEN,unknown,beta,4501
KC000369,C000369,ACTIVE,gamma,alpha,879
KC000370,C000370,OPEN,unknown,beta,3709
KC000371,C000371,ACTIVE,unknown,unknown,1307
KC000372,C000372,CLOSED,beta,delta,4697
KC000373,C000373,CLOSED,beta,delta,3028
KC000374,C000374,OPEN,alpha,alpha,2972
KC000375,C000375,CLOSED,alpha,unknown,3077
KC000376,C000376,PENDING,alpha,unknown,776
KC000377,C000377,UNKNOWN,gamma,alpha,3319
KC000378,C000378,UNKNOWN,unknown,delta,3434
KC000379,C000379,ACTIVE,delta,alpha,2118
KC000380,C000380,CLOSED,gamma,beta,1351
KC000381,C000381,CLOSED,delta,unknown,2504
KC000382,C000382,OPEN,gamma,delta,2166
KC000383,C000383,PENDING,unknown,alpha,3586
KC000384,C000384,CLOSED,alpha,alpha,1533
KC000385,C000385,ACTIVE,unknown,beta,4457
KC000386,C000386,CLOSED,beta,alpha,2386
KC000387,C000387,PENDING,alpha,alpha,3186
KC000388,C000388,ACTIVE,alpha,gamma,96
KC000389,C000389,CLOSED,beta,unknown,1993
KC000390,C000390,ACTIVE,gamma,delta,3546
KC000391,C000391,CLOSED,unknown,delta,2840
KC000392,C000392,UNKNOWN,beta,gamma,4335
KC000393,C000393,ACTIVE,delta,unknown,4352
KC000394,C000394,UNKNOWN,gamma,gamma,347
KC000395,C000395,PENDING,delta,gamma,3449
KC000396,C000396,PENDING,beta,delta,4768
KC000397,C000397,CLOSED,unknown,unknown,4211
KC000398,C000398,CLOSED,beta,unknown,2129
KC000399,C000399,CLOSED,alpha,alpha,1190
KC000400,C000400,OPEN,alpha,alpha,4007
KC000401,C000401,ACTIVE,delta,beta,2153
KC000402,C000402,OPEN,alpha,delta,3418
KC000403,C000403,UNKNOWN,unknown,delta,1831
KC000404,C000404,ACTIVE,alpha,alpha,165
KC000405,C000405,CLOSED,beta,gamma,2874
KC000406,C000406,UNKNOWN,gamma,alpha,3710
KC000407,C000407,OPEN,delta,delta,1331
KC000408,C000408,ACTIVE,delta,gamma,1227
KC000409,C000409,UNKNOWN,gamma,delta,4010
KC000410,C000410,UNKNOWN,gamma,delta,3102
KC000411,C000411,UNKNOWN,unknown,unknown,2798
KC000412,C000412,CLOSED,alpha,beta,838
KC000413,C000413,CLOSED,delta,beta,2785
KC000414,C000414,ACTIVE,gamma,gamma,732
KC000415,C000415,PENDING,unknown,gamma,2996
KC000416,C000416,PENDING,alpha,unknown,2899
KC000417,C000417,CLOSED,delta,beta,2868
KC000418,C000418,ACTIVE,gamma,alpha,1414
KC000419,C000419,ACTIVE,unknown,gamma,312
KC000420,C000420,UNKNOWN,unknown,gamma,4554
KC000421,C000421,OPEN,unknown,unknown,4180
KC000422,C000422,ACTIVE,beta,beta,1588
KC000423,C000423,CLOSED,delta,beta,476
KC000424,C000424,UNKNOWN,alpha,beta,2454
KC000425,C000425,UNKNOWN,unknown,gamma,127
KC000426,C000426,UNKNOWN,gamma,alpha,2700
KC000427,C000427,OPEN,unknown,gamma,2696
KC000428,C000428,CLOSED,alpha,delta,3237
KC000429,C000429,CLOSED,unknown,unknown,2460
KC000430,C000430,PENDING,gamma,unknown,3538
KC000431,C000431,PENDING,beta,delta,4507
KC000432,C000432,UNKNOWN,unknown,unknown,1988
KC000433,C000433,CLOSED,alpha,alpha,962
KC000434,C000434,UNKNOWN,unknown,delta,4330
KC000435,C000435,PENDING,gamma,unknown,3059
KC000436,C000436,ACTIVE,delta,alpha,1912
KC000437,C000437,OPEN,delta,beta,1515
KC000438,C000438,PENDING,delta,beta,4612
KC000439,C000439,PENDING,alpha,gamma,2369
KC000440,C000440,UNKNOWN,unknown,alpha,4741
KC000441,C000441,CLOSED,alpha,unknown,3720
KC000442,C000442,OPEN,delta,beta,3243
KC000443,C000443,PENDING,alpha,unknown,3008
KC000444,C000444,UNKNOWN,gamma,alpha,1105
KC000445,C000445,OPEN,beta,beta,1849
KC000446,C000446,PENDING,gamma,alpha,1931
KC000447,C000447,OPEN,beta,gamma,3814
KC000448,C000448,OPEN,alpha,alpha,3887
KC000449,C000449,UNKNOWN,alpha,beta,2207
KC000450,C000450,ACTIVE,alpha,alpha,3955
KC000451,C000451,OPEN,delta,unknown,3086
KC000452,C000452,OPEN,beta,beta,4022
KC000453,C000453,ACTIVE,beta,alpha,2898
KC000454,C000454,PENDING,alpha,beta,4620
KC000455,C000455,UNKNOWN,alpha,beta,4075
KC000456,C000456,CLOSED,gamma,delta,1603
KC000457,C000457,ACTIVE,gamma,beta,523
KC000458,C000458,PENDING,gamma,alpha,2446
KC000459,C000459,PENDING,beta,alpha,1512
KC000460,C000460,PENDING,gamma,delta,112
KC000461,C000461,PENDING,alpha,alpha,2705
KC000462,C000462,ACTIVE,beta,unknown,818
KC000463,C000463,UNKNOWN,unknown,unknown,4372
KC000464,C000464,OPEN,beta,alpha,1732
KC000465,C000465,OPEN,delta,delta,1810
KC000466,C000466,UNKNOWN,gamma,alpha,2408
KC000467,C000467,PENDING,delta,beta,4644
KC000468,C000468,UNKNOWN,gamma,beta,993
KC000469,C000469,UNKNOWN,alpha,alpha,3974
KC000470,C000470,ACTIVE,beta,unknown,1179
KC000471,C000471,PENDING,beta,alpha,2183
KC000472,C000472,ACTIVE,gamma,alpha,934
KC000473,C000473,ACTIVE,unknown,alpha,37
KC000474,C000474,UNKNOWN,delta,beta,1176
KC000475,C000475,PENDING,alpha,alpha,2154
KC000476,C000476,OPEN,delta,alpha,3259
KC000477,C000477,PENDING,beta,delta,1592
KC000478,C000478,OPEN,alpha,beta,2769
KC000479,C000479,UNKNOWN,unknown,gamma,3087
KC000480,C000480,PENDING,delta,unknown,3217
KC000481,C000481,PENDING,alpha,unknown,1393
KC000482,C000482,PENDING,gamma,gamma,1797
KC000483,C000483,OPEN,delta,beta,1926
KC000484,C000484,PENDING,alpha,unknown,1143
KC000485,C000485,ACTIVE,beta,delta,3415
KC000486,C000486,ACTIVE,gamma,delta,629
KC000487,C000487,OPEN,beta,unknown,4097
KC000488,C000488,OPEN,unknown,unknown,71
KC000489,C000489,OPEN,beta,unknown,4725
KC000490,C000490,CLOSED,beta,gamma,1519
KC000491,C000491,CLOSED,gamma,beta,4143
KC000492,C000492,CLOSED,beta,gamma,964
KC000493,C000493,ACTIVE,beta,unknown,4250
KC000494,C000494,ACTIVE,unknown,alpha,4068
KC000495,C000495,UNKNOWN,delta,delta,4495
KC000496,C000496,PENDING,beta,alpha,4861
KC000497,C000497,ACTIVE,beta,delta,1728
KC000498,C000498,OPEN,delta,gamma,4365
KC000499,C000499,CLOSED,delta,delta,888
KC000500,C000500,UNKNOWN,gamma,unknown,2606
KC000501,C000501,CLOSED,delta,delta,900
KC000502,C000502,ACTIVE,delta,gamma,2937
KC000503,C000503,OPEN,alpha,beta,419
KC000504,C000504,OPEN,alpha,beta,1834
KC000505,C000505,UNKNOWN,unknown,unknown,4287
KC000506,C000506,UNKNOWN,delta,unknown,4013
KC000507,C000507,ACTIVE,gamma,unknown,810
KC000508,C000508,UNKNOWN,delta,gamma,4563
KC000509,C000509,UNKNOWN,delta,alpha,4941
KC000510,C000510,UNKNOWN,beta,alpha,1712
KC000511,C000511,UNKNOWN,unknown,unknown,3213
KC000512,C000512,ACTIVE,alpha,beta,31
KC000513,C000513,ACTIVE,alpha,gamma,3352
KC000514,C000514,CLOSED,alpha,alpha,4868
KC000515,C000515,CLOSED,alpha,delta,703
KC000516,C000516,UNKNOWN,gamma,gamma,30
KC000517,C000517,PENDING,delta,delta,4097
KC000518,C000518,UNKNOWN,beta,alpha,2843
KC000519,C000519,ACTIVE,unknown,beta,1136
KC000520,C000520,ACTIVE,alpha,unknown,
KC000521,C000521,OPEN,gamma,delta,2825
KC000522,C000522,CLOSED,beta,beta,2939
KC000523,C000523,CLOSED,unknown,beta,201
KC000524,C000524,UNKNOWN,beta,delta,3416
KC000525,C000525,OPEN,unknown,alpha,98
KC000526,C000526,UNKNOWN,delta,delta,2113
KC000527,C000527,PENDING,gamma,alpha,555
KC000528,C000528,ACTIVE,beta,beta,1288
KC000529,C000529,OPEN,alpha,alpha,3756
KC000530,C000530,PENDING,unknown,gamma,794
KC000531,C000531,ACTIVE,unknown,alpha,254
KC000532,C000532,PENDING,gamma,alpha,2611
KC000533,C000533,ACTIVE,unknown,alpha,2999
KC000534,C000534,ACTIVE,unknown,alpha,149
KC000535,C000535,OPEN,alpha,unknown,4580
KC000536,C000536,OPEN,delta,alpha,2296
KC000537,C000537,OPEN,gamma,gamma,1717
KC000538,C000538,ACTIVE,unknown,beta,3137
KC000539,C000539,CLOSED,unknown,alpha,1975
KC000540,C000540,UNKNOWN,gamma,alpha,565
KC000541,C000541,ACTIVE,alpha,delta,855
KC000542,C000542,OPEN,delta,unknown,4162
KC000543,C000543,UNKNOWN,alpha,unknown,1483
KC000544,C000544,CLOSED,unknown,gamma,94
KC000545,C000545,ACTIVE,delta,gamma,2461
KC000546,C000546,CLOSED,delta,beta,1426
KC000547,C000547,OPEN,unknown,unknown,5000
KC000548,C000548,OPEN,alpha,delta,4353
KC000549,C000549,CLOSED,delta,delta,1943
KC000550,C000550,PENDING,alpha,beta,4344
KC000551,C000551,OPEN,delta,delta,1086
KC000552,C000552,UNKNOWN,gamma,alpha,4107
KC000553,C000553,PENDING,unknown,gamma,1579
KC000554,C000554,OPEN,delta,delta,3497
KC000555,C000555,PENDING,unknown,alpha,4608
KC000556,C000556,PENDING,delta,alpha,4783
KC000557,C000557,UNKNOWN,delta,beta,4925
KC000558,C000558,CLOSED,gamma,beta,4974
KC000559,C000559,CLOSED,delta,beta,2721
KC000560,C000560,CLOSED,delta,gamma,3448
KC000561,C000561,UNKNOWN,gamma,gamma,1338
KC000562,C000562,UNKNOWN,unknown,delta,4474
KC000563,C000563,CLOSED,unknown,delta,1171
KC000564,C000564,CLOSED,beta,beta,736
KC000565,C000565,PENDING,beta,delta,3488
KC000566,C000566,UNKNOWN,unknown,beta,344
KC000567,C000567,PENDING,alpha,gamma,3502
KC000568,C000568,PENDING,beta,unknown,4110
KC000569,C000569,CLOSED,unknown,alpha,4851
KC000570,C000570,ACTIVE,alpha,gamma,2678
KC000571,C000571,ACTIVE,gamma,unknown,3711
KC000572,C000572,UNKNOWN,beta,beta,1752
KC000573,C000573,OPEN,gamma,unknown,3718
KC000574,C000574,CLOSED,gamma,beta,502
KC000575,C000575,PENDING,unknown,delta,2488
KC000576,C000576,ACTIVE,unknown,unknown,1086
KC000577,C000577,CLOSED,beta,gamma,3277
KC000578,C000578,PENDING,alpha,gamma,2157
KC000579,C000579,UNKNOWN,beta,gamma,1952
KC000580,C000580,CLOSED,gamma,alpha,1514
KC000581,C000581,CLOSED,alpha,delta,895
KC000582,C000582,UNKNOWN,beta,unknown,2101
KC000583,C000583,ACTIVE,beta,gamma,4340
KC000584,C000584,ACTIVE,gamma,alpha,505
KC000585,C000585,CLOSED,beta,alpha,1898
KC000586,C000586,UNKNOWN,alpha,delta,4894
KC000587,C000587,ACTIVE,gamma,delta,4484
KC000588,C000588,CLOSED,beta,delta,1047
KC000589,C000589,PENDING,alpha,delta,754
KC000590,C000590,PENDING,beta,unknown,4808
KC000591,C000591,UNKNOWN,gamma,alpha,3601
KC000592,C000592,CLOSED,unknown,unknown,1072
KC000593,C000593,PENDING,beta,gamma,1979
KC000594,C000594,ACTIVE,beta,alpha,3015
KC000595,C000595,CLOSED,alpha,beta,2699
KC000596,C000596,UNKNOWN,gamma,gamma,4120
KC000597,C000597,UNKNOWN,alpha,alpha,1052
KC000598,C000598,OPEN,delta,gamma,4387
KC000599,C000599,OPEN,delta,unknown,653
KC000600,C000600,UNKNOWN,beta,beta,194
KC000601,C000601,PENDING,delta,alpha,387
KC000602,C000602,UNKNOWN,alpha,beta,3642
KC000603,C000603,ACTIVE,gamma,beta,3334
KC000604,C000604,ACTIVE,unknown,delta,124
KC000605,C000605,OPEN,alpha,alpha,474
KC000606,C000606,CLOSED,unknown,delta,4984
KC000607,C000607,CLOSED,beta,gamma,3847
KC000608,C000608,PENDING,delta,unknown,4716
KC000609,C000609,ACTIVE,delta,beta,3113
KC000610,C000610,ACTIVE,gamma,delta,4470
KC000611,C000611,ACTIVE,gamma,unknown,1891
KC000612,C000612,UNKNOWN,gamma,delta,1103
KC000613,C000613,ACTIVE,unknown,alpha,4815
KC000614,C000614,UNKNOWN,alpha,unknown,3973
KC000615,C000615,UNKNOWN,delta,beta,3457
KC000616,C000616,UNKNOWN,unknown,beta,1965
KC000617,C000617,OPEN,delta,unknown,4107
KC000618,C000618,ACTIVE,unknown,unknown,1694
KC000619,C000619,ACTIVE,alpha,unknown,3674
KC000620,C000620,UNKNOWN,gamma,delta,549
KC000621,C000621,OPEN,unknown,alpha,1461
KC000622,C000622,ACTIVE,alpha,unknown,4468
KC000623,C000623,OPEN,gamma,beta,3418
KC000624,C000624,CLOSED,gamma,alpha,4633
KC000625,C000625,UNKNOWN,delta,delta,3453
KC000626,C000626,UNKNOWN,alpha,alpha,949
KC000627,C000627,UNKNOWN,delta,alpha,3025
KC000628,C000628,UNKNOWN,alpha,delta,4853
KC000629,C000629,OPEN,beta,delta,2950
KC000630,C000630,OPEN,delta,alpha,4159
KC000631,C000631,UNKNOWN,unknown,gamma,2658
KC000632,C000632,CLOSED,beta,delta,1597
KC000633,C000633,PENDING,beta,gamma,1785
KC000634,C000634,PENDING,gamma,unknown,3628
KC000635,C000635,CLOSED,beta,alpha,619
KC000636,C000636,UNKNOWN,unknown,gamma,1065
KC000637,C000637,PENDING,delta,delta,436
KC000638,C000638,CLOSED,unknown,gamma,3026
KC000639,C000639,PENDING,unknown,unknown,4725
KC000640,C000640,ACTIVE,beta,beta,4547
KC000641,C000641,CLOSED,unknown,beta,4425
KC000642,C000642,PENDING,beta,unknown,94
KC000643,C000643,PENDING,gamma,alpha,2319
KC000644,C000644,PENDING,beta,unknown,4827
KC000645,C000645,CLOSED,unknown,delta,403
KC000646,C000646,ACTIVE,alpha,alpha,1477
KC000647,C000647,UNKNOWN,alpha,alpha,2509
KC000648,C000648,CLOSED,unknown,alpha,2789
KC000649,C000649,OPEN,unknown,beta,3147
KC000650,C000650,ACTIVE,alpha,delta,4397
KC000651,C000651,CLOSED,alpha,gamma,2666
KC000652,C000652,ACTIVE,delta,beta,2939
KC000653,C000653,PENDING,gamma,delta,4186
KC000654,C000654,CLOSED,delta,alpha,3091
KC000655,C000655,PENDING,delta,beta,3805
KC000656,C000656,ACTIVE,unknown,gamma,1156
KC000657,C000657,OPEN,unknown,alpha,4062
KC000658,C000658,UNKNOWN,beta,delta,3149
KC000659,C000659,PENDING,gamma,gamma,263
KC000660,C000660,CLOSED,unknown,alpha,1438
KC000661,C000661,PENDING,unknown,gamma,4003
KC000662,C000662,CLOSED,unknown,gamma,624
KC000663,C000663,UNKNOWN,beta,alpha,726
KC000664,C000664,CLOSED,beta,unknown,1188
KC000665,C000665,CLOSED,beta,alpha,4499
KC000666,C000666,UNKNOWN,delta,beta,1803
KC000667,C000667,ACTIVE,delta,gamma,2242
KC000668,C000668,UNKNOWN,unknown,gamma,1019
KC000669,C000669,UNKNOWN,alpha,delta,4401
KC000670,C000670,PENDING,gamma,delta,140
KC000671,C000671,CLOSED,unknown,alpha,3834
KC000672,C000672,OPEN,alpha,unknown,4528
KC000673,C000673,CLOSED,beta,gamma,157
KC000674,C000674,OPEN,delta,beta,4697
KC000675,C000675,CLOSED,delta,beta,4802
KC000676,C000676,PENDING,beta,gamma,3994
KC000677,C000677,UNKNOWN,beta,beta,69
KC000678,C000678,ACTIVE,unknown,delta,3531
KC000679,C000679,OPEN,delta,gamma,3407
KC000680,C000680,ACTIVE,unknown,alpha,1617
KC000681,C000681,UNKNOWN,alpha,delta,4317
KC000682,C000682,ACTIVE,delta,alpha,712
KC000683,C000683,OPEN,unknown,beta,835
KC000684,C000684,CLOSED,gamma,delta,513
KC000685,C000685,UNKNOWN,gamma,delta,2281
KC000686,C000686,ACTIVE,unknown,gamma,1067
KC000687,C000687,OPEN,alpha,alpha,2966
KC000688,C000688,CLOSED,gamma,unknown,2834
KC000689,C000689,ACTIVE,alpha,unknown,2871
KC000690,C000690,CLOSED,gamma,delta,4109
KC000691,C000691,UNKNOWN,unknown,unknown,951
KC000692,C000692,ACTIVE,unknown,beta,1017
KC000693,C000693,CLOSED,gamma,alpha,
KC000694,C000694,UNKNOWN,delta,delta,3656
KC000695,C000695,UNKNOWN,delta,delta,3869
KC000696,C000696,OPEN,unknown,delta,8
KC000697,C000697,UNKNOWN,delta,delta,4712
KC000698,C000698,ACTIVE,alpha,beta,1147
KC000699,C000699,CLOSED,alpha,delta,2286
KC000700,C000700,OPEN,gamma,unknown,555
KC000701,C000701,ACTIVE,unknown,gamma,4840
KC000702,C000702,CLOSED,alpha,alpha,1397
KC000703,C000703,OPEN,alpha,alpha,3411
KC000704,C000704,UNKNOWN,alpha,alpha,324
KC000705,C000705,PENDING,unknown,alpha,955
KC000706,C000706,CLOSED,gamma,beta,4791
KC000707,C000707,PENDING,unknown,gamma,1404
KC000708,C000708,CLOSED,beta,unknown,2778
KC000709,C000709,CLOSED,unknown,delta,3385
KC000710,C000710,OPEN,delta,unknown,3720
KC000711,C000711,CLOSED,unknown,delta,1318
KC000712,C000712,CLOSED,alpha,gamma,2848
KC000713,C000713,UNKNOWN,unknown,unknown,2773
KC000714,C000714,CLOSED,gamma,alpha,4119
KC000715,C000715,PENDING,beta,unknown,4420
KC000716,C000716,UNKNOWN,beta,delta,3300
KC000717,C000717,OPEN,unknown,alpha,1936
KC000718,C000718,ACTIVE,alpha,alpha,4032
KC000719,C000719,CLOSED,beta,beta,3320
KC000720,C000720,CLOSED,unknown,alpha,1061
KC000721,C000721,OPEN,delta,delta,4340
KC000722,C000722,CLOSED,gamma,delta,4306
KC000723,C000723,PENDING,gamma,alpha,2399
KC000724,C000724,ACTIVE,unknown,gamma,975
KC000725,C000725,UNKNOWN,beta,gamma,2045
KC000726,C000726,PENDING,gamma,gamma,3497
KC000727,C000727,ACTIVE,alpha,unknown,2076
KC000728,C000728,CLOSED,beta,unknown,4954
KC000729,C000729,UNKNOWN,unknown,gamma,571
KC000730,C000730,UNKNOWN,beta,alpha,2303
KC000731,C000731,UNKNOWN,delta,unknown,447
KC000732,C000732,PENDING,unknown,unknown,3763
KC000733,C000733,CLOSED,delta,alpha,1001
KC000734,C000734,ACTIVE,delta,alpha,3336
KC000735,C000735,PENDING,delta,delta,3874
KC000736,C000736,CLOSED,alpha,gamma,1512
KC000737,C000737,ACTIVE,beta,beta,640
KC000738,C000738,UNKNOWN,beta,unknown,1207
KC000739,C000739,UNKNOWN,alpha,gamma,668
KC000740,C000740,PENDING,gamma,beta,2879
KC000741,C000741,UNKNOWN,gamma,beta,2701
KC000742,C000742,CLOSED,unknown,beta,3836
KC000743,C000743,ACTIVE,alpha,gamma,4504
KC000744,C000744,UNKNOWN,gamma,gamma,4109
KC000745,C000745,ACTIVE,delta,gamma,557
KC000746,C000746,OPEN,alpha,delta,4641
KC000747,C000747,CLOSED,delta,alpha,1323
KC000748,C000748,PENDING,beta,delta,2693
KC000749,C000749,OPEN,beta,alpha,2879
KC000750,C000750,ACTIVE,gamma,beta,104
KC000751,C000751,UNKNOWN,alpha,gamma,597
KC000752,C000752,OPEN,beta,beta,2606
KC000753,C000753,ACTIVE,gamma,gamma,2315
KC000754,C000754,PENDING,unknown,alpha,2504
KC000755,C000755,OPEN,beta,gamma,716
KC000756,C000756,PENDING,beta,gamma,4729
KC000757,C000757,ACTIVE,delta,gamma,1964
KC000758,C000758,PENDING,delta,delta,4470
KC000759,C000759,UNKNOWN,beta,alpha,1579
KC000760,C000760,PENDING,beta,beta,3860
KC000761,C000761,OPEN,beta,beta,1332
KC000762,C000762,OPEN,unknown,unknown,4514
KC000763,C000763,OPEN,beta,alpha,1134
KC000764,C000764,CLOSED,delta,gamma,3747
KC000765,C000765,PENDING,unknown,alpha,4923
KC000766,C000766,UNKNOWN,delta,beta,4428
KC000767,C000767,UNKNOWN,gamma,alpha,2515
KC000768,C000768,PENDING,beta,delta,3273
KC000769,C000769,CLOSED,beta,delta,4749
KC000770,C000770,CLOSED,delta,alpha,312
KC000771,C000771,OPEN,unknown,beta,4820
KC000772,C000772,ACTIVE,alpha,gamma,2803
KC000773,C000773,OPEN,beta,beta,2055
KC000774,C000774,ACTIVE,alpha,alpha,742
KC000775,C000775,PENDING,gamma,alpha,198
KC000776,C000776,UNKNOWN,gamma,delta,1122
KC000777,C000777,ACTIVE,alpha,gamma,3829
KC000778,C000778,PENDING,unknown,beta,2972
KC000779,C000779,ACTIVE,beta,beta,4065
KC000780,C000780,OPEN,gamma,unknown,4181
KC000781,C000781,PENDING,beta,delta,3902
KC000782,C000782,UNKNOWN,unknown,delta,1116
KC000783,C000783,OPEN,gamma,beta,304
KC000784,C000784,UNKNOWN,beta,alpha,4219
KC000785,C000785,CLOSED,unknown,gamma,1755
KC000786,C000786,CLOSED,alpha,unknown,3671
KC000787,C000787,ACTIVE,gamma,unknown,4999
KC000788,C000788,CLOSED,beta,beta,1269
KC000789,C000789,PENDING,alpha,gamma,2870
KC000790,C000790,UNKNOWN,beta,delta,3854
KC000791,C000791,OPEN,beta,delta,1398
KC000792,C000792,OPEN,beta,gamma,2751
KC000793,C000793,UNKNOWN,delta,beta,1197
KC000794,C000794,UNKNOWN,delta,beta,4305
KC000795,C000795,CLOSED,gamma,beta,560
KC000796,C000796,UNKNOWN,alpha,unknown,4468
KC000797,C000797,ACTIVE,delta,alpha,2515
KC000798,C000798,PENDING,alpha,unknown,306
KC000799,C000799,OPEN,beta,alpha,454
KC000800,C000800,OPEN,beta,beta,3488
KC000801,C000801,OPEN,unknown,beta,2781
KC000802,C000802,ACTIVE,unknown,beta,4507
KC000803,C000803,UNKNOWN,delta,unknown,377
KC000804,C000804,OPEN,gamma,alpha,1354
KC000805,C000805,OPEN,alpha,beta,4087
KC000806,C000806,PENDING,unknown,alpha,4527
KC000807,C000807,PENDING,delta,delta,4603
KC000808,C000808,OPEN,unknown,delta,3123
KC000809,C000809,CLOSED,beta,gamma,3673
KC000810,C000810,ACTIVE,alpha,alpha,1682
KC000811,C000811,OPEN,unknown,unknown,3751
KC000812,C000812,PENDING,delta,delta,1400
KC000813,C000813,CLOSED,beta,gamma,908
KC000814,C000814,ACTIVE,gamma,gamma,2868
KC000815,C000815,UNKNOWN,beta,gamma,1498
KC000816,C000816,OPEN,gamma,alpha,4551
KC000817,C000817,PENDING,alpha,alpha,4749
KC000818,C000818,ACTIVE,unknown,delta,2091
KC000819,C000819,OPEN,unknown,gamma,1572
KC000820,C000820,OPEN,unknown,beta,147
KC000821,C000821,ACTIVE,gamma,gamma,984
KC000822,C000822,OPEN,delta,delta,383
KC000823,C000823,ACTIVE,unknown,alpha,1923
KC000824,C000824,CLOSED,unknown,unknown,106
KC000825,C000825,PENDING,gamma,beta,2717
KC000826,C000826,PENDING,alpha,beta,2432
KC000827,C000827,UNKNOWN,alpha,delta,883
KC000828,C000828,UNKNOWN,beta,beta,3970
KC000829,C000829,UNKNOWN,delta,alpha,3592
KC000830,C000830,UNKNOWN,delta,alpha,1587
KC000831,C000831,UNKNOWN,gamma,gamma,2202
KC000832,C000832,PENDING,unknown,unknown,4891
KC000833,C000833,CLOSED,alpha,beta,4232
KC000834,C000834,OPEN,delta,beta,4498
KC000835,C000835,CLOSED,gamma,beta,2541
KC000836,C000836,UNKNOWN,gamma,gamma,3777
KC000837,C000837,CLOSED,beta,delta,4759
KC000838,C000838,CLOSED,beta,alpha,4752
KC000839,C000839,ACTIVE,unknown,gamma,318
KC000840,C000840,ACTIVE,delta,gamma,96
KC000841,C000841,OPEN,beta,alpha,4772
KC000842,C000842,CLOSED,gamma,delta,1616
KC000843,C000843,UNKNOWN,gamma,beta,151
KC000844,C000844,ACTIVE,beta,gamma,4363
KC000845,C000845,ACTIVE,gamma,beta,2297
KC000846,C000846,OPEN,unknown,unknown,310
KC000847,C000847,CLOSED,unknown,beta,52
KC000848,C000848,CLOSED,beta,alpha,4099
KC000849,C000849,PENDING,gamma,alpha,3499
KC000850,C000850,CLOSED,gamma,alpha,83
KC000851,C000851,OPEN,delta,gamma,2146
KC000852,C000852,PENDING,gamma,alpha,689
KC000853,C000853,UNKNOWN,beta,beta,45
KC000854,C000854,UNKNOWN,gamma,unknown,1623
KC000855,C000855,CLOSED,beta,unknown,4101
KC000856,C000856,ACTIVE,alpha,alpha,1442
KC000857,C000857,ACTIVE,alpha,alpha,576
KC000858,C000858,OPEN,alpha,unknown,4409
KC000859,C000859,UNKNOWN,gamma,gamma,464
KC000860,C000860,CLOSED,delta,delta,992
KC000861,C000861,CLOSED,alpha,gamma,2295
KC000862,C000862,UNKNOWN,beta,unknown,1725
KC000863,C000863,ACTIVE,alpha,beta,2818
KC000864,C000864,ACTIVE,alpha,unknown,2410
KC000865,C000865,UNKNOWN,beta,alpha,1792
KC000866,C000866,UNKNOWN,gamma,delta,
KC000867,C000867,CLOSED,beta,gamma,905
KC000868,C000868,CLOSED,delta,unknown,2858
KC000869,C000869,CLOSED,beta,beta,2198
KC000870,C000870,OPEN,gamma,alpha,1777
KC000871,C000871,ACTIVE,delta,delta,3336
KC000872,C000872,ACTIVE,delta,alpha,2557
KC000873,C000873,CLOSED,gamma,delta,3480
KC000874,C000874,UNKNOWN,gamma,gamma,1846
KC000875,C000875,ACTIVE,beta,beta,4424
KC000876,C000876,CLOSED,alpha,beta,4928
KC000877,C000877,CLOSED,beta,beta,3728
KC000878,C000878,UNKNOWN,unknown,gamma,762
KC000879,C000879,UNKNOWN,gamma,unknown,2552
KC000880,C000880,CLOSED,beta,alpha,4951
KC000881,C000881,ACTIVE,gamma,beta,441
KC000882,C000882,UNKNOWN,unknown,beta,3080
KC000883,C000883,CLOSED,gamma,gamma,1940
KC000884,C000884,ACTIVE,alpha,gamma,2011
KC000885,C000885,UNKNOWN,delta,gamma,3762
KC000886,C000886,PENDING,alpha,unknown,64
KC000887,C000887,UNKNOWN,alpha,delta,3458
KC000888,C000888,ACTIVE,delta,alpha,4111
KC000889,C000889,PENDING,gamma,unknown,1043
KC000890,C000890,OPEN,delta,beta,2363
KC000891,C000891,PENDING,beta,beta,1703
KC000892,C000892,UNKNOWN,gamma,gamma,2133
KC000893,C000893,CLOSED,unknown,alpha,690
KC000894,C000894,ACTIVE,delta,gamma,448
KC000895,C000895,PENDING,delta,gamma,590
KC000896,C000896,UNKNOWN,beta,beta,2446
KC000897,C000897,PENDING,unknown,unknown,3646
KC000898,C000898,CLOSED,gamma,gamma,4123
KC000899,C000899,ACTIVE,delta,alpha,4973
KC000900,C000900,ACTIVE,unknown,alpha,2101
KC000901,C000901,OPEN,delta,alpha,1637
KC000902,C000902,ACTIVE,gamma,gamma,3597
KC000903,C000903,UNKNOWN,unknown,gamma,2853
KC000904,C000904,ACTIVE,alpha,beta,1216
KC000905,C000905,OPEN,gamma,beta,227
KC000906,C000906,CLOSED,unknown,delta,194
KC000907,C000907,OPEN,unknown,beta,73
KC000908,C000908,ACTIVE,delta,gamma,3071
KC000909,C000909,UNKNOWN,gamma,unknown,2110
KC000910,C000910,OPEN,unknown,beta,3710
KC000911,C000911,CLOSED,alpha,unknown,946
KC000912,C000912,PENDING,unknown,delta,63
KC000913,C000913,CLOSED,unknown,alpha,4000
KC000914,C000914,PENDING,unknown,delta,960
KC000915,C000915,OPEN,gamma,beta,2180
KC000916,C000916,UNKNOWN,gamma,alpha,1877
KC000917,C000917,CLOSED,gamma,beta,3791
KC000918,C000918,CLOSED,unknown,beta,3810
KC000919,C000919,ACTIVE,unknown,alpha,1974
KC000920,C000920,ACTIVE,beta,gamma,2434
KC000921,C000921,OPEN,delta,delta,455
KC000922,C000922,CLOSED,alpha,gamma,2321
KC000923,C000923,UNKNOWN,beta,alpha,1458
KC000924,C000924,PENDING,beta,unknown,4515
KC000925,C000925,UNKNOWN,beta,gamma,3733
KC000926,C000926,ACTIVE,alpha,alpha,454
KC000927,C000927,PENDING,delta,unknown,82
KC000928,C000928,OPEN,delta,beta,3574
KC000929,C000929,PENDING,beta,beta,3240
KC000930,C000930,CLOSED,delta,beta,3846
KC000931,C000931,ACTIVE,delta,beta,2269
KC000932,C000932,OPEN,unknown,unknown,4244
KC000933,C000933,PENDING,unknown,beta,2550
KC000934,C000934,CLOSED,unknown,beta,3115
KC000935,C000935,PENDING,beta,unknown,1557
KC000936,C000936,PENDING,beta,unknown,4136
KC000937,C000937,ACTIVE,delta,unknown,2856
KC000938,C000938,ACTIVE,gamma,alpha,3166
KC000939,C000939,OPEN,unknown,beta,4615
KC000940,C000940,CLOSED,beta,alpha,3630
KC000941,C000941,CLOSED,alpha,gamma,1815
KC000942,C000942,OPEN,delta,unknown,3568
KC000943,C000943,OPEN,delta,gamma,2729
KC000944,C000944,PENDING,delta,alpha,3961
KC000945,C000945,PENDING,gamma,gamma,2507
KC000946,C000946,OPEN,gamma,alpha,4817
KC000947,C000947,OPEN,alpha,delta,4518
KC000948,C000948,CLOSED,alpha,gamma,1911
KC000949,C000949,CLOSED,alpha,gamma,1759
KC000950,C000950,ACTIVE,delta,delta,718
KC000951,C000951,ACTIVE,unknown,alpha,1540
KC000952,C000952,ACTIVE,alpha,delta,2367
KC000953,C000953,UNKNOWN,unknown,alpha,926
KC000954,C000954,PENDING,delta,gamma,541
KC000955,C000955,ACTIVE,alpha,unknown,2669
KC000956,C000956,UNKNOWN,gamma,beta,4746
KC000957,C000957,OPEN,unknown,delta,1908
KC000958,C000958,PENDING,delta,unknown,1331
KC000959,C000959,PENDING,beta,alpha,2175
KC000960,C000960,ACTIVE,delta,alpha,1150
KC000961,C000961,CLOSED,gamma,alpha,3204
KC000962,C000962,OPEN,delta,unknown,2995
KC000963,C000963,PENDING,beta,gamma,170
KC000964,C000964,CLOSED,beta,delta,586
KC000965,C000965,OPEN,unknown,delta,2522
KC000966,C000966,CLOSED,alpha,delta,4630
KC000967,C000967,UNKNOWN,beta,delta,3356
KC000968,C000968,CLOSED,gamma,beta,2011
KC000969,C000969,OPEN,beta,gamma,4326
KC000970,C000970,PENDING,beta,gamma,2004
KC000971,C000971,ACTIVE,beta,delta,2012
KC000972,C000972,UNKNOWN,unknown,unknown,4877
KC000973,C000973,CLOSED,gamma,unknown,3646
KC000974,C000974,OPEN,beta,beta,4227
KC000975,C000975,CLOSED,unknown,gamma,177
KC000976,C000976,ACTIVE,gamma,gamma,3908
KC000977,C000977,UNKNOWN,unknown,gamma,2542
KC000978,C000978,CLOSED,unknown,delta,3129
KC000979,C000979,ACTIVE,gamma,beta,3975
KC000980,C000980,OPEN,beta,alpha,2419
KC000981,C000981,PENDING,alpha,delta,2610
KC000982,C000982,PENDING,beta,unknown,2327
KC000983,C000983,PENDING,alpha,delta,1062
KC000984,C000984,PENDING,gamma,alpha,1946
KC000985,C000985,UNKNOWN,beta,unknown,2300
KC000986,C000986,CLOSED,beta,alpha,3263
KC000987,C000987,ACTIVE,alpha,gamma,19
KC000988,C000988,OPEN,alpha,alpha,3603
KC000989,C000989,PENDING,unknown,unknown,480
KC000990,C000990,PENDING,delta,alpha,2347
KC000991,C000991,CLOSED,gamma,unknown,2025
KC000992,C000992,OPEN,delta,alpha,2403
KC000993,C000993,UNKNOWN,alpha,gamma,1642
KC000994,C000994,UNKNOWN,gamma,alpha,4325
KC000995,C000995,ACTIVE,gamma,beta,1560
KC000996,C000996,ACTIVE,unknown,unknown,1659
KC000997,C000997,ACTIVE,alpha,alpha,3620
KC000998,C000998,OPEN,unknown,unknown,3866
KC000999,C000999,CLOSED,unknown,delta,3473
KC001000,C001000,CLOSED,beta,unknown,1491
KC001001,C001001,UNKNOWN,gamma,gamma,3181
KC001002,C001002,UNKNOWN,gamma,beta,436
KC001003,C001003,CLOSED,delta,delta,754
KC001004,C001004,UNKNOWN,unknown,alpha,5
KC001005,C001005,OPEN,beta,gamma,2531
KC001006,C001006,PENDING,beta,beta,1102
KC001007,C001007,PENDING,alpha,gamma,2475
KC001008,C001008,ACTIVE,beta,gamma,3074
KC001009,C001009,ACTIVE,unknown,gamma,1392
KC001010,C001010,PENDING,unknown,beta,4483
KC001011,C001011,PENDING,gamma,delta,3372
KC001012,C001012,ACTIVE,unknown,unknown,2580
KC001013,C001013,UNKNOWN,alpha,beta,1553
KC001014,C001014,PENDING,gamma,gamma,3980
KC001015,C001015,CLOSED,gamma,gamma,1174
KC001016,C001016,UNKNOWN,gamma,alpha,2216
KC001017,C001017,PENDING,delta,unknown,669
KC001018,C001018,UNKNOWN,beta,alpha,1674
KC001019,C001019,PENDING,delta,delta,4505
KC001020,C001020,ACTIVE,alpha,beta,3277
KC001021,C001021,OPEN,beta,gamma,1495
KC001022,C001022,ACTIVE,beta,gamma,2327
KC001023,C001023,UNKNOWN,unknown,unknown,2569
KC001024,C001024,UNKNOWN,alpha,delta,314
KC001025,C001025,ACTIVE,delta,gamma,680
KC001026,C001026,ACTIVE,beta,gamma,2346
KC001027,C001027,ACTIVE,alpha,delta,3568
KC001028,C001028,OPEN,delta,beta,4633
KC001029,C001029,OPEN,unknown,unknown,1651
KC001030,C001030,PENDING,delta,unknown,96
KC001031,C001031,UNKNOWN,gamma,beta,3127
KC001032,C001032,ACTIVE,delta,alpha,3742
KC001033,C001033,PENDING,beta,delta,3930
KC001034,C001034,PENDING,beta,gamma,2793
KC001035,C001035,PENDING,gamma,alpha,1889
KC001036,C001036,OPEN,beta,delta,3038
KC001037,C001037,PENDING,gamma,delta,406
KC001038,C001038,UNKNOWN,alpha,beta,2890
KC001039,C001039,PENDING,gamma,beta,
KC001040,C001040,CLOSED,gamma,gamma,2622
KC001041,C001041,UNKNOWN,alpha,alpha,2277
KC001042,C001042,CLOSED,beta,unknown,160
KC001043,C001043,UNKNOWN,delta,beta,3278
KC001044,C001044,UNKNOWN,gamma,unknown,3876
KC001045,C001045,UNKNOWN,delta,delta,299
KC001046,C001046,ACTIVE,delta,delta,2404
KC001047,C001047,CLOSED,beta,alpha,3515
KC001048,C001048,ACTIVE,alpha,beta,4463
KC001049,C001049,OPEN,delta,beta,3917
KC001050,C001050,UNKNOWN,unknown,delta,4078
KC001051,C001051,PENDING,alpha,gamma,1085
KC001052,C001052,ACTIVE,alpha,beta,1656
KC001053,C001053,OPEN,unknown,delta,4126
KC001054,C001054,CLOSED,alpha,unknown,4159
KC001055,C001055,CLOSED,alpha,alpha,665
KC001056,C001056,CLOSED,delta,unknown,700
KC001057,C001057,UNKNOWN,beta,delta,971
KC001058,C001058,ACTIVE,gamma,gamma,4469
KC001059,C001059,CLOSED,unknown,beta,4557
KC001060,C001060,UNKNOWN,unknown,beta,440
KC001061,C001061,OPEN,unknown,unknown,2930
KC001062,C001062,ACTIVE,gamma,beta,4459
KC001063,C001063,UNKNOWN,alpha,delta,1464
KC001064,C001064,ACTIVE,beta,unknown,839
KC001065,C001065,CLOSED,gamma,gamma,3311
KC001066,C001066,OPEN,gamma,gamma,2361
KC001067,C001067,CLOSED,beta,beta,4321
KC001068,C001068,OPEN,beta,unknown,343
KC001069,C001069,UNKNOWN,gamma,alpha,1571
KC001070,C001070,OPEN,unknown,gamma,504
KC001071,C001071,OPEN,unknown,alpha,1457
KC001072,C001072,UNKNOWN,alpha,alpha,2712
KC001073,C001073,ACTIVE,unknown,beta,3957
KC001074,C001074,PENDING,unknown,beta,680
KC001075,C001075,OPEN,unknown,gamma,3520
KC001076,C001076,OPEN,beta,delta,3006
KC001077,C001077,PENDING,gamma,unknown,1013
KC001078,C001078,PENDING,alpha,gamma,1204
KC001079,C001079,ACTIVE,alpha,beta,1692
KC001080,C001080,PENDING,delta,delta,4911
KC001081,C001081,OPEN,delta,unknown,2126
KC001082,C001082,OPEN,unknown,unknown,534
KC001083,C001083,CLOSED,beta,beta,146
KC001084,C001084,UNKNOWN,beta,delta,4282
KC001085,C001085,CLOSED,gamma,beta,1424
KC001086,C001086,CLOSED,alpha,gamma,3223
KC001087,C001087,PENDING,gamma,delta,2379
KC001088,C001088,UNKNOWN,delta,beta,2180
KC001089,C001089,ACTIVE,delta,beta,1045
KC001090,C001090,OPEN,alpha,delta,24
KC001091,C001091,OPEN,gamma,gamma,4547
KC001092,C001092,CLOSED,alpha,unknown,4098
KC001093,C001093,CLOSED,unknown,alpha,4199
KC001094,C001094,ACTIVE,unknown,beta,4303
KC001095,C001095,UNKNOWN,unknown,beta,101
KC001096,C001096,PENDING,alpha,delta,4800
KC001097,C001097,UNKNOWN,alpha,alpha,3633
KC001098,C001098,OPEN,delta,alpha,97
KC001099,C001099,PENDING,beta,unknown,3985
KC001100,C001100,CLOSED,beta,unknown,4107
KC001101,C001101,PENDING,delta,alpha,2491
KC001102,C001102,CLOSED,unknown,delta,4277
KC001103,C001103,UNKNOWN,beta,gamma,3859
KC001104,C001104,CLOSED,unknown,gamma,714
KC001105,C001105,OPEN,gamma,alpha,433
KC001106,C001106,ACTIVE,alpha,unknown,1268
KC001107,C001107,CLOSED,gamma,gamma,2817
KC001108,C001108,UNKNOWN,unknown,delta,381
KC001109,C001109,PENDING,beta,delta,3085
KC001110,C001110,UNKNOWN,gamma,alpha,3442
KC001111,C001111,CLOSED,beta,beta,2298
KC001112,C001112,ACTIVE,delta,beta,2136
KC001113,C001113,PENDING,delta,delta,3532
KC001114,C001114,OPEN,gamma,alpha,2429
KC001115,C001115,OPEN,delta,unknown,2698
KC001116,C001116,ACTIVE,gamma,beta,4814
KC001117,C001117,CLOSED,unknown,gamma,3236
KC001118,C001118,CLOSED,beta,delta,1136
KC001119,C001119,ACTIVE,delta,gamma,3047
KC001120,C001120,UNKNOWN,alpha,gamma,2770
KC001121,C001121,UNKNOWN,beta,alpha,3160
KC001122,C001122,PENDING,delta,delta,3746
KC001123,C001123,CLOSED,gamma,alpha,2327
KC001124,C001124,OPEN,alpha,beta,3131
KC001125,C001125,OPEN,delta,gamma,2445
KC001126,C001126,OPEN,delta,alpha,4338
KC001127,C001127,ACTIVE,alpha,gamma,3968
KC001128,C001128,PENDING,delta,beta,160
KC001129,C001129,CLOSED,unknown,alpha,1954
KC001130,C001130,OPEN,delta,alpha,1783
KC001131,C001131,OPEN,beta,unknown,2708
KC001132,C001132,CLOSED,unknown,gamma,2002
KC001133,C001133,ACTIVE,unknown,gamma,4865
KC001134,C001134,PENDING,delta,unknown,3412
KC001135,C001135,PENDING,unknown,alpha,1066
KC001136,C001136,ACTIVE,delta,delta,4090
KC001137,C001137,OPEN,beta,unknown,80
KC001138,C001138,ACTIVE,gamma,unknown,1875
KC001139,C001139,CLOSED,beta,unknown,4307
KC001140,C001140,ACTIVE,gamma,gamma,2533
KC001141,C001141,OPEN,gamma,gamma,81
KC001142,C001142,PENDING,alpha,alpha,3366
KC001143,C001143,ACTIVE,delta,delta,4568
KC001144,C001144,PENDING,gamma,alpha,4957
KC001145,C001145,OPEN,beta,gamma,542
KC001146,C001146,UNKNOWN,unknown,unknown,3818
KC001147,C001147,ACTIVE,unknown,gamma,1056
KC001148,C001148,PENDING,delta,beta,2098
KC001149,C001149,ACTIVE,gamma,gamma,2588
KC001150,C001150,ACTIVE,gamma,unknown,4830
KC001151,C001151,OPEN,gamma,gamma,1248
KC001152,C001152,CLOSED,unknown,beta,4546
KC001153,C001153,OPEN,delta,unknown,156
KC001154,C001154,UNKNOWN,alpha,unknown,4801
KC001155,C001155,OPEN,unknown,gamma,498
KC001156,C001156,OPEN,delta,alpha,4042
KC001157,C001157,UNKNOWN,delta,alpha,4615
KC001158,C001158,CLOSED,beta,unknown,1701
KC001159,C001159,ACTIVE,delta,delta,1436
KC001160,C001160,ACTIVE,unknown,gamma,224
KC001161,C001161,OPEN,unknown,unknown,3361
KC001162,C001162,UNKNOWN,unknown,beta,293
KC001163,C001163,OPEN,gamma,alpha,3066
KC001164,C001164,CLOSED,alpha,alpha,1075
KC001165,C001165,OPEN,beta,gamma,694
KC001166,C001166,OPEN,alpha,alpha,3872
KC001167,C001167,OPEN,gamma,alpha,4771
KC001168,C001168,ACTIVE,unknown,gamma,4825
KC001169,C001169,ACTIVE,beta,unknown,3694
KC001170,C001170,ACTIVE,unknown,beta,4758
KC001171,C001171,UNKNOWN,delta,unknown,4927
KC001172,C001172,UNKNOWN,delta,delta,4585
KC001173,C001173,OPEN,unknown,beta,879
KC001174,C001174,ACTIVE,beta,unknown,4561
KC001175,C001175,CLOSED,delta,alpha,1082
KC001176,C001176,CLOSED,gamma,delta,1250
KC001177,C001177,CLOSED,alpha,beta,1471
KC001178,C001178,UNKNOWN,beta,delta,4853
KC001179,C001179,PENDING,gamma,unknown,3717
KC001180,C001180,OPEN,alpha,delta,389
KC001181,C001181,PENDING,delta,beta,1392
KC001182,C001182,OPEN,delta,alpha,1338
KC001183,C001183,CLOSED,gamma,gamma,2464
KC001184,C001184,CLOSED,alpha,delta,3695
KC001185,C001185,CLOSED,unknown,unknown,1329
KC001186,C001186,CLOSED,unknown,gamma,648
KC001187,C001187,CLOSED,alpha,unknown,991
KC001188,C001188,UNKNOWN,alpha,unknown,4798
KC001189,C001189,ACTIVE,unknown,gamma,1413
KC001190,C001190,CLOSED,delta,gamma,1527
KC001191,C001191,OPEN,beta,beta,316
KC001192,C001192,CLOSED,alpha,alpha,4915
KC001193,C001193,CLOSED,delta,gamma,2749
KC001194,C001194,OPEN,alpha,unknown,3871
KC001195,C001195,CLOSED,gamma,gamma,3610
KC001196,C001196,OPEN,unknown,alpha,3164
KC001197,C001197,CLOSED,beta,delta,2546
KC001198,C001198,UNKNOWN,gamma,beta,2961
KC001199,C001199,PENDING,delta,unknown,4147
KC001200,C001200,UNKNOWN,delta,unknown,1490
